,trade_date,open,close,high,low,volume,money
0,2017-01-03,18.42,18.64,18.71,18.42,2051909.0,38047878.0
1,2017-01-04,18.69,18.82,18.87,18.52,2690456.0,50330595.0
2,2017-01-05,18.83,18.58,18.89,18.57,2559502.0,47889714.0
3,2017-01-06,18.58,17.94,18.62,17.92,3482223.0,63272066.0
4,2017-01-09,17.79,17.9,17.95,17.63,2252069.0,40139471.0
5,2017-01-10,17.9,17.93,18.1,17.9,2074291.0,37382628.0
6,2017-01-11,17.85,17.65,17.97,17.63,2146920.0,38070343.0
7,2017-01-12,17.64,16.84,17.75,16.81,3706118.0,64014441.0
8,2017-01-13,16.77,15.88,16.77,15.71,4396281.0,71089751.0
9,2017-01-16,15.76,14.85,15.76,14.29,4179517.0,62708457.0
10,2017-01-17,14.79,15.28,15.36,14.42,3466178.0,51961372.0
11,2017-01-18,15.11,14.99,15.33,14.95,1983081.0,30009631.0
12,2017-01-19,14.99,15.05,15.34,14.73,2276307.0,34304209.0
13,2017-01-20,14.88,15.33,15.44,14.88,2607218.0,39852041.0
14,2017-01-23,15.35,15.49,15.65,15.35,1838569.0,28525408.0
15,2017-01-24,15.42,15.28,15.58,15.26,1896897.0,29119014.0
16,2017-01-25,15.26,15.39,15.43,15.08,1347052.0,20650374.0
17,2017-01-26,15.37,15.42,15.62,15.27,1364174.0,21062799.0
18,2017-02-03,15.51,15.35,15.51,15.24,972233.0,14926824.0
19,2017-02-06,15.35,16.29,16.53,15.33,5561891.0,89235935.0
20,2017-02-07,16.1,16.08,16.24,15.87,3282919.0,52706819.0
21,2017-02-08,15.95,16.44,16.53,15.9,4103327.0,66897048.0
22,2017-02-09,16.38,16.44,16.62,16.28,3126007.0,51372422.0
23,2017-02-10,16.42,16.15,16.53,16.13,2403931.0,39256005.0
24,2017-02-13,16.14,16.46,16.59,16.07,2946750.0,48364436.0
25,2017-02-14,16.48,16.63,16.7,16.41,3178650.0,52682223.0
26,2017-02-15,16.63,16.84,17.12,16.63,5185346.0,87771183.0
27,2017-02-16,16.77,16.66,16.8,16.46,3007368.0,49901924.0
28,2017-02-17,16.7,16.57,17.13,16.56,4737446.0,79883016.0
29,2017-02-20,16.55,16.44,16.55,16.03,3180495.0,51818118.0
30,2017-02-21,16.4,16.58,16.75,16.35,2173697.0,36058982.0
31,2017-02-22,16.56,16.59,16.75,16.45,2261530.0,37506604.0
32,2017-02-23,16.59,16.67,16.79,16.46,3466352.0,57693772.0
33,2017-02-24,16.76,16.83,16.88,16.61,2953586.0,49501685.0
34,2017-02-27,16.87,16.56,16.91,16.48,2753539.0,45962180.0
35,2017-02-28,16.55,16.59,16.67,16.48,1694023.0,28028466.0
36,2017-03-01,16.59,16.71,16.79,16.53,2689044.0,44877363.0
37,2017-03-02,17.01,16.92,17.42,16.84,7846953.0,134437682.0
38,2017-03-03,16.71,16.93,16.94,16.47,4285586.0,71436711.0
39,2017-03-06,16.89,17.11,17.13,16.79,3436758.0,58545063.0
40,2017-03-07,17.22,17.75,17.77,17.11,8010134.0,140027324.0
41,2017-03-08,17.52,17.57,18.11,17.5,6351692.0,112730981.0
42,2017-03-09,17.57,17.76,18.06,17.53,6838007.0,121628019.0
43,2017-03-10,17.7,17.84,17.87,17.4,5440527.0,95724113.0
44,2017-03-13,17.79,17.84,18.04,17.54,4163165.0,74025736.0
45,2017-03-14,17.84,17.51,17.89,17.5,4030057.0,71280479.0
46,2017-03-15,17.55,17.28,17.56,17.27,3483730.0,60494827.0
47,2017-03-16,17.48,17.94,17.97,17.34,7076432.0,125847773.0
48,2017-03-17,17.94,17.55,18.11,17.47,6571866.0,117217690.0
49,2017-03-20,17.52,17.69,17.74,17.43,3038178.0,53328357.0
50,2017-03-21,17.65,17.74,17.78,17.63,2721095.0,48174379.0
51,2017-03-22,17.59,17.7,17.82,17.38,3389734.0,59523906.0
52,2017-03-23,17.67,19.18,19.47,17.67,23584114.0,447269341.0
53,2017-03-24,18.8,18.79,19.19,18.67,12141838.0,229004357.0
54,2017-03-27,18.69,18.41,18.87,18.1,8494376.0,156647965.0
55,2017-03-28,18.38,18.48,18.78,18.19,6546794.0,121146082.0
56,2017-03-29,18.29,17.82,18.56,17.81,5772438.0,104139861.0
57,2017-03-30,17.72,16.52,17.74,16.46,6911647.0,116512081.0
58,2017-03-31,16.51,16.58,16.82,16.43,4553949.0,75861777.0
59,2017-04-05,16.5,16.88,16.98,16.43,2711589.0,45565164.0
60,2017-04-06,16.94,17.57,17.64,16.86,4777367.0,83138270.0
61,2017-04-07,17.56,17.86,17.9,17.45,4925017.0,87339931.0
62,2017-04-10,17.76,17.86,18.21,17.65,4734620.0,84620591.0
63,2017-04-11,17.72,18.46,18.48,17.67,5809555.0,105564421.0
64,2017-04-12,18.4,18.9,18.98,18.15,6646539.0,124209399.0
65,2017-04-13,18.81,18.91,19.42,18.6,9749099.0,186045120.0
66,2017-04-14,18.94,18.91,19.08,18.39,5818243.0,108767601.0
67,2017-04-17,17.99,18.49,18.66,17.62,8472851.0,152458497.0
68,2017-04-18,16.64,16.64,17.13,16.64,10654534.0,178109527.0
69,2017-04-19,14.98,14.98,14.98,14.98,2203409.0,33003630.0
70,2017-04-20,13.73,14.29,14.85,13.73,14314883.0,201281160.0
71,2017-04-21,14.0,13.5,14.1,13.41,7893097.0,109136176.0
72,2017-04-24,13.48,12.8,13.48,12.68,7757679.0,100705185.0
73,2017-04-25,12.87,12.97,13.18,12.87,3305524.0,43018621.0
74,2017-04-26,13.02,13.41,13.61,12.92,4672177.0,62331322.0
75,2017-04-27,13.32,13.95,14.08,13.23,8001924.0,109394001.0
76,2017-04-28,13.81,14.28,14.35,13.73,5885695.0,83225527.0
77,2017-05-02,14.11,14.17,14.44,14.1,3835790.0,54718251.0
78,2017-05-03,14.15,13.99,14.37,13.81,2643655.0,37116350.0
79,2017-05-04,13.91,13.74,14.05,13.53,2909254.0,40056477.0
80,2017-05-05,13.79,13.65,13.97,13.63,2844871.0,39216507.0
81,2017-05-08,13.54,12.67,13.77,12.63,3461166.0,46009488.0
82,2017-05-09,12.8,13.41,13.46,12.71,3570053.0,46877417.0
83,2017-05-10,13.39,12.94,13.8,12.81,4840328.0,64629500.0
84,2017-05-11,12.79,13.54,13.56,12.73,4847845.0,63727195.0
85,2017-05-12,13.49,13.84,14.01,13.48,5382324.0,74201422.0
86,2017-05-15,13.76,13.5,13.79,13.37,4044770.0,54791168.0
87,2017-05-16,13.45,13.74,13.77,12.92,2872828.0,38704308.0
88,2017-05-17,13.71,13.89,13.99,13.66,3567260.0,49410604.0
89,2017-05-18,14.0,13.57,14.19,13.55,5053862.0,70053598.0
90,2017-05-19,13.57,13.38,13.79,13.24,2610316.0,35076626.0
91,2017-05-22,13.5,13.03,13.59,13.0,2379194.0,31479324.0
92,2017-05-23,12.94,12.27,13.08,12.25,3034791.0,38333045.0
93,2017-05-24,12.23,12.43,12.43,11.78,2666470.0,32437791.0
94,2017-05-25,12.34,12.4,12.47,11.97,2362273.0,29052255.0
95,2017-05-26,12.36,12.4,12.58,12.27,1864236.0,23169477.0
96,2017-05-31,12.73,12.36,12.87,12.34,2397560.0,30213492.0
97,2017-06-01,12.32,11.75,12.32,11.75,2780424.0,33153477.0
98,2017-06-02,11.79,12.04,12.18,11.67,1909403.0,22734164.0
99,2017-06-05,12.09,12.08,12.22,11.95,1731414.0,20951441.0
100,2017-06-06,11.97,12.1,12.15,11.94,1499541.0,18053586.0
101,2017-06-07,12.09,12.43,12.48,12.05,3416579.0,42144446.0
102,2017-06-08,12.43,12.3,12.62,12.2,2829111.0,35096670.0
103,2017-06-09,12.24,12.39,12.43,12.24,2167168.0,26783019.0
104,2017-06-12,12.31,11.92,12.31,11.89,2681966.0,32168996.0
105,2017-06-13,11.92,12.14,12.34,11.79,1840564.0,22250703.0
106,2017-06-14,12.14,12.07,12.21,11.92,1454848.0,17542989.0
107,2017-06-15,12.09,12.34,12.4,12.08,4025769.0,49432603.0
108,2017-06-16,12.34,12.1,12.34,12.08,2454986.0,29894602.0
109,2017-06-19,12.1,12.17,12.2,12.08,1896059.0,23011306.0
110,2017-06-20,12.25,12.27,12.51,12.19,3519888.0,43379494.0
111,2017-06-21,12.16,12.3,12.35,12.16,2285288.0,27989912.0
112,2017-06-22,12.25,11.89,12.3,11.85,2612302.0,31678901.0
113,2017-06-23,11.9,12.04,12.05,11.71,2365842.0,28081060.0
114,2017-06-26,12.04,12.05,12.08,11.9,1745327.0,20954399.0
115,2017-06-27,12.05,12.01,12.08,11.95,1708545.0,20534711.0
116,2017-06-28,11.94,11.79,11.94,11.74,1980304.0,23383047.0
117,2017-06-29,11.76,11.8,11.87,11.76,1400885.0,16550102.0
118,2017-06-30,11.78,11.82,11.89,11.62,1838893.0,21605732.0
119,2017-07-03,11.77,11.85,11.86,11.67,1909827.0,22520427.0
120,2017-07-04,11.81,11.73,11.87,11.68,1724300.0,20289139.0
121,2017-07-05,11.6,12.13,12.25,11.58,6638914.0,79053822.0
122,2017-07-06,11.9,11.85,11.91,11.62,6635416.0,78469186.0
123,2017-07-07,11.84,11.84,11.95,11.79,3564579.0,42254222.0
124,2017-07-10,11.79,11.55,11.79,11.51,4054986.0,47178306.0
125,2017-07-11,11.53,11.42,11.62,11.42,1963048.0,22548907.0
126,2017-07-12,11.49,11.15,11.55,10.81,3409330.0,37746058.0
127,2017-07-13,11.02,11.04,11.14,11.0,1226778.0,13556175.0
128,2017-07-14,11.05,10.89,11.05,10.76,3311748.0,35969747.0
129,2017-07-17,10.87,9.8,10.87,9.8,3837778.0,38418084.0
130,2017-07-18,9.73,9.73,9.82,9.56,2789034.0,26975414.0
131,2017-07-19,9.7,9.8,9.83,9.63,1624287.0,15818626.0
132,2017-07-20,9.74,9.79,10.0,9.71,2062619.0,20374165.0
133,2017-07-21,9.74,9.81,9.95,9.7,1389298.0,13681212.0
134,2017-07-24,9.83,9.79,9.83,9.66,1636236.0,15943917.0
135,2017-07-25,9.79,10.77,10.77,9.79,8884401.0,92676870.0
136,2017-07-26,10.82,11.24,11.66,10.72,13155700.0,146259416.0
137,2017-07-27,11.07,11.11,11.22,10.86,6103761.0,67343213.0
138,2017-07-28,11.07,10.81,11.14,10.78,4059468.0,44569453.0
139,2017-07-31,10.9,10.82,10.97,10.58,3841259.0,41356623.0
140,2017-08-01,10.68,10.88,11.06,10.68,3511721.0,38214941.0
141,2017-08-02,10.88,11.17,11.45,10.88,5913075.0,66068283.0
142,2017-08-03,11.08,11.08,11.27,10.99,2379957.0,26372708.0
143,2017-08-04,11.11,11.19,11.33,10.98,3688434.0,41371375.0
144,2017-08-07,11.22,11.16,11.29,11.1,1932748.0,21554171.0
145,2017-08-08,11.1,11.09,11.19,11.03,2096212.0,23250696.0
146,2017-08-09,11.09,11.1,11.13,10.93,1794937.0,19798280.0
147,2017-08-10,11.02,11.06,11.15,10.97,1716664.0,19004182.0
148,2017-08-11,10.98,11.1,11.17,10.87,1602625.0,17736049.0
149,2017-08-14,11.09,11.29,11.41,11.09,2631806.0,29665431.0
150,2017-08-15,11.21,11.4,11.41,11.19,3152034.0,35728632.0
151,2017-08-16,11.41,11.36,11.81,11.26,1732975.0,19768087.0
152,2017-08-17,11.38,11.6,11.69,11.3,2788252.0,32166500.0
153,2017-08-18,11.51,11.72,11.8,11.42,3361372.0,39184072.0
154,2017-08-21,11.64,11.74,11.76,11.63,1601723.0,18724507.0
155,2017-08-22,11.73,11.59,11.81,11.58,1793767.0,20989138.0
156,2017-08-23,11.56,12.6,12.75,11.51,11717808.0,146501569.0
157,2017-08-24,12.6,12.34,12.88,12.31,6932742.0,87025597.0
158,2017-08-25,12.42,12.32,12.59,12.21,3669976.0,45388666.0
159,2017-08-28,12.27,12.33,12.54,12.21,2811832.0,34648785.0
160,2017-08-29,12.29,12.5,12.54,12.16,3000473.0,37052184.0
161,2017-08-30,12.41,12.32,12.48,12.22,2761125.0,34042506.0
162,2017-08-31,12.32,12.4,12.46,12.25,1494817.0,18516798.0
163,2017-09-01,12.4,12.34,12.5,12.28,1985409.0,24588056.0
164,2017-09-04,12.27,12.2,12.3,12.18,1713932.0,20941485.0
165,2017-09-05,12.2,12.17,12.35,12.09,1963048.0,23992316.0
166,2017-09-06,12.07,12.13,12.3,12.05,1150447.0,13943501.0
167,2017-09-07,12.1,12.01,12.29,12.0,1876578.0,22811662.0
168,2017-09-08,11.95,12.01,12.13,11.83,1545438.0,18514631.0
169,2017-09-11,12.0,12.18,12.19,11.92,1194136.0,14425616.0
170,2017-09-12,12.14,11.99,12.23,11.92,1664129.0,20155127.0
171,2017-09-13,11.99,12.14,12.21,11.93,1358807.0,16423836.0
172,2017-09-14,12.14,12.39,12.73,12.09,3816737.0,47411019.0
173,2017-09-15,12.42,12.25,12.46,12.2,2476938.0,30508942.0
174,2017-09-18,12.2,12.47,12.56,12.1,2587211.0,32008042.0
175,2017-09-19,12.62,13.72,13.72,12.4,13979243.0,187339527.0
176,2017-09-20,13.58,13.68,13.77,13.34,7784488.0,105527172.0
177,2017-09-21,13.6,13.2,13.67,13.16,4992912.0,66918435.0
178,2017-09-22,13.18,13.02,13.29,12.75,4269025.0,55523328.0
179,2017-09-25,13.02,12.7,13.13,12.61,2383273.0,30703070.0
180,2017-09-26,12.65,12.54,12.85,12.4,2138578.0,26893962.0
181,2017-09-27,12.56,12.94,13.07,12.4,2897755.0,37129470.0
182,2017-09-28,12.93,12.84,13.07,12.74,2128516.0,27466892.0
183,2017-09-29,12.86,12.99,13.02,12.71,1578041.0,20349610.0
184,2017-10-09,12.95,13.52,13.73,12.95,4425142.0,59213195.0
185,2017-10-10,13.38,13.9,13.97,13.26,4300110.0,58755477.0
186,2017-10-11,13.9,14.13,15.12,13.67,6493284.0,93465696.0
187,2017-10-12,13.87,13.43,14.1,13.42,4013302.0,54768757.0
188,2017-10-13,13.6,13.91,13.94,13.48,2749731.0,37786184.0
189,2017-10-16,13.92,13.24,14.03,12.52,2571558.0,34696250.0
190,2017-10-17,12.94,12.91,13.18,12.3,3261397.0,41651204.0
191,2017-10-18,12.99,12.69,13.07,12.67,1216106.0,15617916.0
192,2017-10-19,12.69,12.76,12.85,12.55,1179516.0,14928540.0
193,2017-10-20,12.72,13.59,13.62,12.59,3833884.0,50869205.0
194,2017-10-23,13.41,13.89,14.0,13.19,4936837.0,67811419.0
195,2017-10-24,13.64,13.64,13.91,13.42,2267811.0,30930580.0
196,2017-10-25,13.5,13.72,14.12,13.49,3566651.0,49373211.0
197,2017-10-26,13.67,13.42,13.86,13.38,2808567.0,38137100.0
198,2017-10-27,13.43,13.16,13.58,13.09,1818823.0,24156867.0
199,2017-10-30,13.18,13.12,13.43,12.99,1978497.0,26133078.0
200,2017-10-31,13.03,13.3,13.42,12.79,1392246.0,18125385.0
201,2017-11-01,13.31,13.29,13.43,13.16,1811200.0,24114745.0
202,2017-11-02,13.24,13.56,13.58,13.03,2155755.0,28676671.0
203,2017-11-03,13.6,13.32,13.62,13.15,1579871.0,21093943.0
204,2017-11-06,13.26,13.18,13.32,13.0,1483314.0,19431083.0
205,2017-11-07,13.53,13.19,13.53,12.98,1313679.0,17276846.0
206,2017-11-08,13.05,13.22,13.36,13.05,1580379.0,20830098.0
207,2017-11-09,13.21,13.42,13.77,13.13,3153337.0,42567198.0
208,2017-11-10,13.27,13.51,13.54,13.26,2259528.0,30313461.0
209,2017-11-13,13.53,13.37,13.73,13.32,2796180.0,37746972.0
210,2017-11-14,13.36,12.51,13.38,12.43,4532167.0,57804087.0
211,2017-11-15,12.39,12.59,12.61,12.35,951236.0,11895565.0
212,2017-11-16,12.7,12.2,12.7,12.07,1897186.0,23305826.0
213,2017-11-17,12.09,11.33,12.3,10.98,2990614.0,34578272.0
214,2017-11-20,11.35,11.49,11.66,10.7,1396514.0,15552816.0
215,2017-11-21,11.5,11.17,11.5,11.05,1359770.0,15232082.0
216,2017-11-22,11.34,11.19,11.34,10.97,1271092.0,14152929.0
217,2017-11-23,11.21,11.19,11.39,11.13,981175.0,11028388.0
218,2017-11-24,11.14,11.41,11.52,11.05,856407.0,9739056.0
219,2017-11-27,11.5,11.53,11.64,11.38,927046.0,10702450.0
220,2017-11-28,11.53,11.64,11.75,11.46,567608.0,6596003.0
221,2017-11-29,11.67,12.04,12.58,11.65,2654405.0,32218367.0
222,2017-11-30,12.03,12.29,12.56,12.03,2826874.0,34888498.0
223,2017-12-01,12.2,12.51,12.53,12.01,2371441.0,29308234.0
224,2017-12-04,12.51,12.34,12.52,12.12,1306259.0,16081495.0
225,2017-12-05,12.34,11.98,12.39,11.81,1304081.0,15651219.0
226,2017-12-06,12.08,12.09,12.12,11.67,946471.0,11316496.0
227,2017-12-07,12.2,12.18,12.22,11.99,837705.0,10164891.0
228,2017-12-08,12.2,12.35,12.37,11.86,959672.0,11684664.0
229,2017-12-11,12.38,12.33,12.39,12.19,624167.0,7676181.0
230,2017-12-12,12.33,12.34,12.38,12.11,1106540.0,13523707.0
231,2017-12-13,12.22,12.36,12.45,12.22,855496.0,10574123.0
232,2017-12-14,12.39,12.36,12.46,12.22,641441.0,7928150.0
233,2017-12-15,12.36,12.45,12.48,12.25,909462.0,11262592.0
234,2017-12-18,12.41,12.36,12.49,12.28,401981.0,4963472.0
235,2017-12-19,12.23,12.38,12.64,12.23,861704.0,10692942.0
236,2017-12-20,12.3,12.49,12.54,12.3,1129522.0,14070114.0
237,2017-12-21,12.41,12.46,12.54,12.41,663700.0,8282266.0
238,2017-12-22,12.51,12.62,12.68,12.39,1051044.0,13190848.0
239,2017-12-25,12.58,12.5,12.66,12.38,1188765.0,14827827.0
240,2017-12-26,12.4,12.52,12.55,12.4,857169.0,10706690.0
241,2017-12-27,12.47,12.53,12.64,12.38,940564.0,11795436.0
242,2017-12-28,12.41,12.57,12.61,12.41,1001242.0,12521751.0
243,2017-12-29,12.52,12.58,12.62,12.46,517645.0,6484620.0
244,2018-01-02,12.58,12.52,12.64,12.47,681994.0,8545102.0
245,2018-01-03,12.54,12.5,12.54,12.4,733728.0,9151095.0
246,2018-01-04,12.49,12.36,12.49,12.2,1176987.0,14534293.0
247,2018-01-05,12.45,12.41,12.49,12.37,693988.0,8626133.0
248,2018-01-08,12.49,12.35,12.49,12.24,1118838.0,13794363.0
249,2018-01-09,12.25,12.32,12.43,12.25,493790.0,6087212.0
250,2018-01-10,12.3,12.31,12.35,11.98,1175988.0,14292928.0
251,2018-01-11,12.29,12.44,12.59,12.24,1444878.0,17904357.0
252,2018-01-12,12.46,12.44,12.46,12.26,911479.0,11283280.0
253,2018-01-15,12.33,12.27,12.4,12.2,1078792.0,13234742.0
254,2018-01-16,12.26,12.68,13.28,12.26,2752068.0,35040531.0
255,2018-01-17,12.51,12.6,12.83,12.27,4946069.0,62352762.0
256,2018-01-18,12.44,12.44,12.57,12.36,1267129.0,15800432.0
257,2018-01-19,12.43,12.81,12.84,12.36,2918688.0,37041675.0
258,2018-01-22,12.86,13.25,13.43,12.67,6382397.0,83900529.0
259,2018-01-23,13.17,13.85,14.12,12.94,8704482.0,118445221.0
260,2018-01-24,13.77,13.83,13.96,13.53,5526193.0,75919373.0
261,2018-01-25,13.82,13.61,13.89,13.59,2131864.0,29170474.0
262,2018-01-26,13.48,14.01,14.11,13.39,4802381.0,66976117.0
263,2018-01-29,14.36,13.45,15.18,13.43,9508523.0,136551677.0
264,2018-01-30,13.71,13.66,13.76,13.12,6037972.0,81844118.0
265,2018-01-31,13.42,12.29,13.6,12.29,6485176.0,83029818.0
266,2018-02-01,11.61,11.06,12.02,11.06,6117560.0,69201567.0
267,2018-02-02,10.33,10.02,10.77,9.96,7413828.0,75126661.0
268,2018-02-05,9.89,10.07,10.23,9.89,2380487.0,23974262.0
269,2018-02-06,9.8,9.07,10.01,9.07,4007346.0,37380361.0
270,2018-02-07,9.12,8.59,9.22,8.17,6686961.0,57010688.0
271,2018-02-08,8.28,8.68,8.78,8.28,2858600.0,24640698.0
272,2018-02-09,8.47,8.4,8.47,8.22,2245923.0,18760858.0
273,2018-02-12,8.46,8.63,8.76,8.46,1629470.0,14100804.0
274,2018-02-13,8.75,8.85,8.88,8.64,2269752.0,19923800.0
275,2018-02-14,8.95,9.74,9.74,8.79,5705035.0,53901851.0
276,2018-02-22,10.04,10.05,10.68,9.85,8659076.0,88324849.0
277,2018-02-23,9.94,9.79,9.95,9.62,4073102.0,39809062.0
278,2018-02-26,9.66,9.91,10.08,9.66,4184579.0,41411785.0
279,2018-02-27,9.85,10.22,10.32,9.81,4193852.0,42435695.0
280,2018-02-28,10.04,10.0,10.27,9.97,2193807.0,22159889.0
281,2018-03-01,9.93,10.65,10.82,9.76,5792950.0,60784691.0
282,2018-03-02,10.33,10.45,10.65,10.33,2411184.0,25202779.0
283,2018-03-05,10.45,10.43,10.8,10.29,3059017.0,32170400.0
284,2018-03-06,10.09,10.32,10.38,10.08,2844652.0,29036235.0
285,2018-03-07,10.33,10.6,10.75,10.14,3507470.0,36920760.0
286,2018-03-08,10.49,10.56,10.61,10.42,1154254.0,12110977.0
287,2018-03-09,10.5,10.59,10.78,10.5,1671142.0,17785415.0
288,2018-03-12,10.49,10.86,11.01,10.48,3676117.0,39629208.0
289,2018-03-13,10.73,10.9,11.09,10.67,2374888.0,25932900.0
290,2018-03-14,10.9,11.23,11.29,10.76,3540276.0,39387495.0
291,2018-03-15,11.09,10.88,11.23,10.7,2545945.0,27853729.0
292,2018-03-16,10.98,10.74,10.98,10.68,1654372.0,17858126.0
293,2018-03-19,10.7,10.07,10.73,9.67,5163953.0,52197723.0
294,2018-03-20,9.82,10.12,10.23,9.79,2579788.0,25995785.0
295,2018-03-21,10.28,10.31,10.8,10.18,3745999.0,39436877.0
296,2018-03-22,10.31,10.44,10.56,10.26,2154236.0,22417053.0
297,2018-03-23,10.05,11.48,11.48,10.04,14636497.0,163658216.0
298,2018-03-26,11.61,12.21,12.63,11.33,18101408.0,222381127.0
299,2018-03-27,12.3,12.65,12.98,11.83,14264691.0,178306207.0
300,2018-03-28,12.42,12.89,13.47,12.42,9254627.0,120043960.0
301,2018-03-29,12.94,12.86,13.12,12.69,6113608.0,78572816.0
302,2018-03-30,12.79,13.31,13.6,12.79,8931594.0,118709526.0
303,2018-04-02,13.43,13.32,13.68,12.99,9860127.0,130827470.0
304,2018-04-03,13.13,13.26,13.56,12.5,10381052.0,135982411.0
305,2018-04-04,13.44,13.25,13.67,12.98,10302181.0,136663221.0
306,2018-04-09,13.76,13.04,14.24,12.48,17207683.0,230886118.0
307,2018-04-10,12.69,11.74,12.99,11.74,8017020.0,97468462.0
308,2018-04-11,11.17,11.43,11.79,10.63,13302353.0,149415614.0
309,2018-04-12,11.51,11.48,11.78,11.31,10265703.0,118400296.0
310,2018-04-13,11.49,11.52,11.58,11.04,7736548.0,87725642.0
311,2018-04-16,12.67,12.67,12.67,12.67,1401581.0,17761327.0
312,2018-04-17,13.94,13.43,13.94,12.67,42180970.0,576817160.0
313,2018-04-18,12.11,12.09,12.4,12.09,13353617.0,161843019.0
314,2018-04-19,11.56,11.3,11.92,10.88,28775744.0,329102700.0
315,2018-04-20,10.82,10.21,11.01,10.17,16131750.0,169995137.0
316,2018-04-23,10.05,10.01,10.4,9.89,7163396.0,72807011.0
317,2018-04-24,10.13,10.2,10.3,10.02,7681744.0,78052884.0
318,2018-04-25,10.02,10.11,10.29,9.8,6873849.0,68916260.0
319,2018-04-26,10.07,9.57,10.26,9.54,7228697.0,71743598.0
320,2018-04-27,9.65,9.73,9.96,9.63,4580515.0,44712390.0
321,2018-05-02,9.76,9.33,9.79,9.23,4864365.0,46378718.0
322,2018-05-03,9.42,9.77,9.9,9.32,5390787.0,51909333.0
323,2018-05-04,9.79,9.57,9.86,9.45,3810205.0,36845739.0
324,2018-05-07,9.6,9.65,9.76,9.58,4632188.0,44759495.0
325,2018-05-08,9.71,10.08,10.18,9.59,8554934.0,84900340.0
326,2018-05-09,9.96,9.94,10.17,9.86,7422679.0,74145818.0
327,2018-05-10,9.94,9.98,10.25,9.91,7585675.0,76454518.0
328,2018-05-11,9.94,9.71,9.94,9.61,6435501.0,62616488.0
329,2018-05-14,9.64,9.43,9.71,9.33,4771617.0,45322407.0
330,2018-05-15,9.43,9.55,9.59,9.4,3368188.0,32012554.0
331,2018-05-16,9.58,9.76,9.98,9.56,6503248.0,63855037.0
332,2018-05-17,9.75,9.56,9.85,9.55,4847322.0,47027256.0
333,2018-05-18,9.48,9.79,9.82,9.47,5049786.0,49151778.0
334,2018-05-21,9.98,10.3,10.72,9.87,11088721.0,113387047.0
335,2018-05-22,10.22,10.1,10.23,9.93,6240894.0,62740048.0
336,2018-05-23,10.03,10.21,10.57,9.97,9854907.0,101778325.0
337,2018-05-24,10.43,11.24,11.24,10.33,7656202.0,84493237.0
338,2018-05-25,12.36,12.36,12.36,11.85,27561320.0,338700714.0
339,2018-05-28,12.29,12.53,13.16,11.31,35376360.0,430188333.0
340,2018-05-29,11.84,11.29,12.04,11.29,20548172.0,238458108.0
341,2018-05-30,10.66,10.66,11.48,10.4,17688167.0,191429023.0
342,2018-05-31,10.65,10.93,11.11,10.44,13071052.0,140566155.0
343,2018-06-01,10.73,10.33,10.89,10.13,10721408.0,112770666.0
344,2018-06-04,10.76,10.49,10.92,10.47,10150365.0,108977063.0
345,2018-06-05,10.29,10.76,10.84,10.29,8042358.0,85832806.0
346,2018-06-06,10.8,10.63,10.9,10.49,6630471.0,70469502.0
347,2018-06-07,10.7,11.03,11.07,10.53,10476069.0,112406296.0
348,2018-06-08,10.81,10.68,10.97,10.64,9045938.0,97573485.0
349,2018-06-11,10.54,10.27,10.67,10.11,7637963.0,79410869.0
350,2018-06-12,10.2,10.07,10.32,9.64,7175711.0,71794480.0
351,2018-06-13,9.98,10.0,10.38,9.89,5867577.0,59728806.0
352,2018-06-14,9.95,9.86,10.18,9.79,5576053.0,55483832.0
353,2018-06-15,9.78,9.47,9.94,9.36,4922764.0,47034659.0
354,2018-06-19,9.34,8.53,9.34,8.53,5348833.0,47116638.0
355,2018-06-20,8.61,9.25,9.36,8.56,8605842.0,77784934.0
356,2018-06-21,9.08,8.87,9.25,8.75,5939436.0,53395432.0
357,2018-06-22,8.91,8.96,9.1,8.75,5512776.0,49121353.0
358,2018-06-25,9.1,8.72,9.1,8.71,4367004.0,38908807.0
359,2018-06-26,8.55,8.89,8.93,8.43,4101098.0,35881226.0
360,2018-06-27,8.95,8.79,8.95,8.72,3444532.0,30395555.0
361,2018-06-28,8.77,9.02,9.04,8.66,4904673.0,43753073.0
362,2018-06-29,9.05,9.17,9.2,8.88,4577600.0,41666523.0
363,2018-07-02,9.17,9.08,9.51,8.99,5213044.0,48062408.0
364,2018-07-03,8.93,9.11,9.14,8.8,3567957.0,32118961.0
365,2018-07-04,9.03,8.78,9.07,8.73,2605957.0,23137044.0
366,2018-07-05,8.86,8.54,8.96,8.52,3176841.0,27573467.0
367,2018-07-06,8.58,8.44,8.67,8.16,4031132.0,34137588.0
368,2018-07-09,8.4,8.68,8.77,8.25,2647220.0,22630998.0
369,2018-07-10,8.68,8.73,8.75,8.6,1997627.0,17352135.0
370,2018-07-11,8.6,8.42,8.64,8.28,2264517.0,19141089.0
371,2018-07-12,8.39,8.63,8.68,8.29,2023929.0,17370463.0
372,2018-07-13,8.65,8.61,8.8,8.6,2219013.0,19281215.0
373,2018-07-16,8.6,8.55,8.71,8.51,1641315.0,14045058.0
374,2018-07-17,8.55,8.49,8.56,8.37,2182200.0,18423555.0
375,2018-07-18,8.5,8.39,8.54,8.38,1828832.0,15471634.0
376,2018-07-19,8.4,8.2,8.4,8.14,2327329.0,19199389.0
377,2018-07-20,8.17,8.29,8.36,8.16,2193229.0,18150717.0
378,2018-07-23,8.25,8.45,8.59,8.19,2494595.0,20971567.0
379,2018-07-24,8.41,8.58,8.61,8.38,3686994.0,31478174.0
380,2018-07-25,8.61,8.99,9.19,8.51,8012051.0,71202660.0
381,2018-07-26,8.84,8.77,8.95,8.73,5178034.0,45651215.0
382,2018-07-27,8.71,8.79,9.01,8.7,3718447.0,32975572.0
383,2018-07-30,8.81,8.4,8.81,8.32,4113179.0,34888192.0
384,2018-07-31,8.41,8.42,8.46,8.32,1460472.0,12259659.0
385,2018-08-01,8.49,8.3,8.53,8.29,2015124.0,16977020.0
386,2018-08-02,8.3,7.89,8.3,7.68,3608715.0,28543980.0
387,2018-08-03,7.94,8.02,8.23,7.84,2912802.0,23403192.0
388,2018-08-06,7.92,7.56,7.93,7.38,2539688.0,19533714.0
389,2018-08-07,7.59,7.78,7.79,7.53,2378099.0,18352153.0
390,2018-08-08,7.78,7.62,7.93,7.56,2138831.0,16588017.0
391,2018-08-09,7.76,7.74,7.79,7.51,2323081.0,17875566.0
392,2018-08-10,7.77,7.76,7.79,7.67,1648811.0,12757983.0
393,2018-08-13,7.61,7.74,7.75,7.54,1858971.0,14175719.0
394,2018-08-14,7.74,7.68,7.75,7.65,1348034.0,10383312.0
395,2018-08-15,7.65,7.48,7.73,7.47,2322576.0,17541562.0
396,2018-08-16,7.48,7.47,7.59,7.31,1758847.0,13092073.0
397,2018-08-17,7.53,7.24,7.54,7.17,1810729.0,13330648.0
398,2018-08-20,7.24,7.0,7.27,6.74,2700923.0,18841133.0
399,2018-08-21,6.99,7.09,7.16,6.94,1705144.0,12070158.0
400,2018-08-22,7.09,7.8,7.8,7.06,5337828.0,41074202.0
401,2018-08-23,7.9,7.75,8.06,7.65,12288031.0,96645849.0
402,2018-08-24,7.63,7.95,8.38,7.49,11308983.0,88760170.0
403,2018-08-27,7.79,7.88,7.93,7.62,6986225.0,54406871.0
404,2018-08-28,7.86,7.73,7.87,7.68,4504876.0,34919082.0
405,2018-08-29,7.67,7.5,7.71,7.37,4616934.0,34867734.0
406,2018-08-30,7.47,7.29,7.57,7.24,2616273.0,19411177.0
407,2018-08-31,7.25,7.18,7.37,7.15,2169962.0,15704101.0
408,2018-09-03,7.18,7.18,7.21,6.95,2307304.0,16355040.0
409,2018-09-04,7.18,7.24,7.3,7.07,2442522.0,17587513.0
410,2018-09-05,7.2,7.26,7.38,7.18,3001194.0,21847738.0
411,2018-09-06,7.26,7.15,7.32,7.07,2552861.0,18362200.0
412,2018-09-07,7.15,7.11,7.28,7.06,2022983.0,14488891.0
413,2018-09-10,7.13,6.87,7.13,6.84,2317013.0,16099872.0
414,2018-09-11,6.84,6.92,6.94,6.79,1353192.0,9319031.0
415,2018-09-12,6.92,6.93,6.99,6.89,1206647.0,8387337.0
416,2018-09-13,6.98,7.03,7.07,6.93,1651744.0,11558149.0
417,2018-09-14,7.03,7.11,7.29,6.99,3240481.0,23194546.0
418,2018-09-17,7.0,6.83,7.01,6.83,1773888.0,12235537.0
419,2018-09-18,6.76,6.98,6.99,6.76,1789895.0,12357684.0
420,2018-09-19,6.94,7.14,7.24,6.92,3090672.0,22005452.0
421,2018-09-20,7.14,7.11,7.19,7.08,2022801.0,14429787.0
422,2018-09-21,7.14,7.2,7.25,7.13,2349900.0,16906811.0
423,2018-09-25,7.18,7.19,7.31,7.1,1968589.0,14201938.0
424,2018-09-26,7.13,7.26,7.34,7.13,2288999.0,16607636.0
425,2018-09-27,7.27,7.06,7.27,7.06,2001470.0,14358305.0
426,2018-09-28,7.19,7.24,7.61,7.18,3415243.0,24955547.0
427,2018-10-08,7.12,7.13,7.24,6.94,2471851.0,17607440.0
428,2018-10-09,7.16,7.17,7.37,7.07,2391107.0,17187224.0
429,2018-10-10,7.19,7.17,7.23,7.0,2053948.0,14612578.0
430,2018-10-11,6.93,6.46,7.0,6.46,3393757.0,22602573.0
431,2018-10-12,6.35,6.73,6.82,5.93,4027248.0,25531259.0
432,2018-10-15,6.38,6.64,6.82,6.38,2810256.0,18738414.0
433,2018-10-16,6.72,6.62,6.9,6.41,3557056.0,23804122.0
434,2018-10-17,7.03,6.7,7.14,6.64,6626775.0,45313339.0
435,2018-10-18,6.46,6.07,6.54,6.03,4161420.0,25789342.0
436,2018-10-19,6.01,6.12,6.21,5.83,3633260.0,21932084.0
437,2018-10-22,6.13,6.32,6.48,6.06,4252573.0,26815339.0
438,2018-10-23,6.29,6.33,6.61,6.26,4997799.0,31797425.0
439,2018-10-24,6.23,6.24,6.33,6.17,3248329.0,20274486.0
440,2018-10-25,6.03,6.12,6.17,5.95,2646007.0,16027338.0
441,2018-10-26,6.18,6.2,6.28,6.13,2668964.0,16539513.0
442,2018-10-29,6.22,6.06,6.23,6.03,2063770.0,12682546.0
443,2018-10-30,6.07,6.14,6.19,6.0,2193499.0,13400320.0
444,2018-10-31,6.18,6.24,6.26,6.15,3090722.0,19223096.0
445,2018-11-01,6.25,6.27,6.36,6.21,2980176.0,18747801.0
446,2018-11-02,6.29,6.38,6.4,6.29,4268421.0,27131760.0
447,2018-11-05,6.37,6.5,6.55,6.35,3774467.0,24371870.0
448,2018-11-06,6.48,6.45,6.52,6.34,2318907.0,14846682.0
449,2018-11-07,6.45,6.4,6.52,6.34,2024907.0,13045849.0
450,2018-11-08,6.44,6.41,6.51,6.38,2238835.0,14436335.0
451,2018-11-09,6.42,6.39,6.46,6.36,1930372.0,12376573.0
452,2018-11-12,6.39,6.55,6.57,6.34,2706182.0,17579819.0
453,2018-11-13,6.47,6.69,6.74,6.44,3937607.0,26146762.0
454,2018-11-14,6.81,6.75,7.04,6.74,5033857.0,34623266.0
455,2018-11-15,7.05,6.96,7.23,6.9,5001019.0,35090312.0
456,2018-11-16,6.89,6.95,7.0,6.8,3630430.0,25095738.0
457,2018-11-19,6.96,7.11,7.14,6.93,4639897.0,32676942.0
458,2018-11-20,7.0,6.82,7.06,6.81,3419996.0,23763379.0
459,2018-11-21,6.77,7.04,7.06,6.73,3131832.0,21737610.0
460,2018-11-22,7.02,6.98,7.04,6.87,2065085.0,14406592.0
461,2018-11-23,7.35,7.68,7.68,7.35,20798884.0,158347851.0
462,2018-11-26,7.15,7.3,7.5,7.14,13598166.0,98929367.0
463,2018-11-27,7.23,7.19,7.47,7.07,8894982.0,63983474.0
464,2018-11-28,7.16,7.91,7.91,6.87,17400510.0,129930016.0
465,2018-11-29,7.85,7.47,8.09,7.44,16596062.0,128695589.0
466,2018-11-30,7.38,7.32,7.4,7.07,9434410.0,68441004.0
467,2018-12-03,7.42,7.61,7.65,7.35,10563905.0,79487830.0
468,2018-12-04,7.51,7.54,7.61,7.43,6756497.0,50665039.0
469,2018-12-05,7.32,7.49,8.04,7.23,11902282.0,90475159.0
470,2018-12-06,7.47,7.38,7.7,7.33,8531557.0,64023769.0
471,2018-12-07,7.32,7.25,7.38,7.13,4705049.0,34104525.0
472,2018-12-10,7.13,7.22,7.49,7.1,4256171.0,30942133.0
473,2018-12-11,7.22,7.19,7.31,7.13,3375155.0,24334077.0
474,2018-12-12,7.2,7.2,7.28,7.16,3129970.0,22588116.0
475,2018-12-13,7.2,7.19,7.29,7.15,3195476.0,23045076.0
476,2018-12-14,7.2,6.96,7.29,6.92,4180434.0,29861234.0
477,2018-12-17,6.95,6.86,6.96,6.76,4048250.0,27675929.0
478,2018-12-18,6.85,6.85,7.01,6.79,3111533.0,21420911.0
479,2018-12-19,6.85,6.62,6.93,6.59,2920488.0,19762920.0
480,2018-12-20,6.62,6.68,6.74,6.6,2067310.0,13780848.0
481,2018-12-21,6.65,6.69,6.75,6.62,2298809.0,15391667.0
482,2018-12-24,6.69,6.74,6.76,6.62,1749845.0,11755929.0
483,2018-12-25,6.66,6.57,6.66,6.38,3718144.0,24097727.0
484,2018-12-26,6.59,6.57,6.64,6.5,2816420.0,18489472.0
485,2018-12-27,6.66,6.27,6.72,6.25,2905116.0,18910575.0
486,2018-12-28,6.35,6.51,6.58,6.29,4014936.0,25964532.0
487,2019-01-02,6.55,6.58,6.72,6.55,3377342.0,22320049.0
488,2019-01-03,6.64,6.51,6.68,6.5,2313676.0,15240266.0
489,2019-01-04,6.41,6.68,6.71,6.34,3312388.0,21967760.0
490,2019-01-07,6.72,6.76,6.83,6.67,4086984.0,27558047.0
491,2019-01-08,6.72,6.7,6.77,6.66,2265535.0,15211542.0
492,2019-01-09,6.78,6.73,6.87,6.69,4004964.0,27227137.0
493,2019-01-10,6.7,6.65,6.74,6.62,2706789.0,18068557.0
494,2019-01-11,6.65,6.71,6.72,6.62,2081873.0,13896247.0
495,2019-01-14,6.76,6.73,6.79,6.68,2455579.0,16521526.0
496,2019-01-15,6.7,6.86,6.92,6.69,4415038.0,30195314.0
497,2019-01-16,6.82,6.87,6.94,6.75,3340099.0,22859768.0
498,2019-01-17,6.83,6.7,6.91,6.67,2613504.0,17694517.0
499,2019-01-18,6.69,6.73,6.79,6.67,1980131.0,13300509.0
500,2019-01-21,6.77,6.75,6.8,6.72,1910853.0,12918674.0
501,2019-01-22,6.75,6.65,6.81,6.64,1879703.0,12645455.0
502,2019-01-23,6.65,6.65,6.7,6.58,1433089.0,9514326.0
503,2019-01-24,6.71,6.68,6.8,6.65,1577814.0,10596413.0
504,2019-01-25,6.65,6.55,6.74,6.52,2482167.0,16492927.0
505,2019-01-28,6.7,6.6,6.76,6.59,3144200.0,20960336.0
506,2019-01-29,6.52,6.38,6.56,6.26,2741074.0,17482856.0
507,2019-01-30,6.38,6.3,6.41,6.28,1377768.0,8727127.0
508,2019-01-31,6.33,6.08,6.36,6.03,2114554.0,13070261.0
509,2019-02-01,6.09,6.4,6.4,6.09,2335182.0,14645210.0
510,2019-02-11,6.38,6.48,6.51,6.38,1919400.0,12365960.0
511,2019-02-12,6.48,6.54,6.6,6.43,2329403.0,15180384.0
512,2019-02-13,6.53,6.57,6.66,6.51,2798317.0,18421361.0
513,2019-02-14,6.62,6.63,6.84,6.61,3589719.0,24027719.0
514,2019-02-15,6.61,6.64,6.67,6.59,2401461.0,15943774.0
515,2019-02-18,6.65,6.8,6.8,6.65,3428289.0,23163266.0
516,2019-02-19,6.78,6.82,6.99,6.75,4498561.0,30920420.0
517,2019-02-20,6.76,6.97,7.01,6.76,4632131.0,31936187.0
518,2019-02-21,6.95,6.82,6.95,6.76,5039782.0,34656420.0
519,2019-02-22,6.79,6.9,6.91,6.77,3360080.0,23038430.0
520,2019-02-25,6.93,7.2,7.23,6.92,6265236.0,44521498.0
521,2019-02-26,7.24,7.26,7.39,7.12,7457663.0,54188648.0
522,2019-02-27,7.26,7.19,7.42,7.11,4790341.0,34745685.0
523,2019-02-28,7.21,7.31,7.38,7.19,3919595.0,28557151.0
524,2019-03-01,7.33,7.22,7.35,7.09,4502178.0,32476846.0
525,2019-03-04,7.26,7.32,7.42,7.22,5673534.0,41602377.0
526,2019-03-05,7.32,7.46,7.5,7.25,4889684.0,36169529.0
527,2019-03-06,7.48,7.65,7.68,7.42,6359334.0,48209251.0
528,2019-03-07,7.77,7.85,7.88,7.61,6681831.0,51816030.0
529,2019-03-08,7.8,7.28,7.8,7.28,6942240.0,52588961.0
530,2019-03-11,7.28,7.66,7.68,7.28,5900480.0,44349765.0
531,2019-03-12,7.71,7.79,8.0,7.58,7111794.0,55332285.0
532,2019-03-13,7.86,7.61,7.86,7.57,4651362.0,35956518.0
533,2019-03-14,7.64,7.44,7.7,7.34,3834035.0,28824405.0
534,2019-03-15,7.56,7.78,7.96,7.45,6938120.0,53753067.0
535,2019-03-18,7.78,7.87,7.91,7.7,5946360.0,46552104.0
536,2019-03-19,7.96,7.92,8.08,7.87,7066398.0,56261844.0
537,2019-03-20,7.98,8.15,8.28,7.85,9689309.0,78132915.0
538,2019-03-21,8.14,8.08,8.17,7.97,8178276.0,65947575.0
539,2019-03-22,8.09,8.33,8.47,8.03,9712295.0,80224923.0
540,2019-03-25,8.09,8.21,8.35,8.07,6772128.0,55404394.0
541,2019-03-26,8.23,7.79,8.28,7.77,6454184.0,51530939.0
542,2019-03-27,7.8,7.83,7.99,7.65,5434514.0,42278087.0
543,2019-03-28,7.8,7.62,7.96,7.61,4772481.0,37359351.0
544,2019-03-29,7.61,7.73,7.81,7.47,5601261.0,42820225.0
545,2019-04-01,7.76,7.93,8.0,7.76,5414613.0,42833631.0
546,2019-04-02,8.05,7.9,8.05,7.87,5836009.0,46280449.0
547,2019-04-03,7.9,8.02,8.18,7.82,6671637.0,52989865.0
548,2019-04-04,8.06,8.16,8.3,7.99,9148423.0,74380271.0
549,2019-04-08,8.18,8.03,8.21,7.89,6281826.0,50621349.0
550,2019-04-09,8.03,8.24,8.37,7.9,9654609.0,78822715.0
551,2019-04-10,8.17,8.11,8.22,7.98,6150784.0,49936744.0
552,2019-04-11,8.14,8.21,8.26,8.05,7377462.0,60212265.0
553,2019-04-12,8.21,8.43,8.43,8.01,9336478.0,76780283.0
554,2019-04-15,8.46,8.14,8.51,8.13,9166434.0,76362632.0
555,2019-04-16,8.01,7.99,8.02,7.69,8084737.0,63752488.0
556,2019-04-17,7.97,8.02,8.1,7.92,5042670.0,40396864.0
557,2019-04-18,8.0,7.97,8.06,7.94,3361201.0,26866050.0
558,2019-04-19,8.0,7.96,8.04,7.83,2743299.0,21782158.0
559,2019-04-22,7.95,7.87,8.01,7.85,2803485.0,22157503.0
560,2019-04-23,7.9,7.63,7.9,7.6,4110543.0,31709363.0
561,2019-04-24,7.63,7.73,7.74,7.62,1919952.0,14770240.0
562,2019-04-25,7.83,7.2,7.83,7.12,4869363.0,36305797.0
563,2019-04-26,7.26,7.2,7.26,7.12,2345629.0,16858865.0
564,2019-04-29,7.2,6.96,7.2,6.89,2651048.0,18666950.0
565,2019-04-30,6.96,7.07,7.14,6.96,1622718.0,11472767.0
566,2019-05-06,6.88,6.51,7.02,6.44,2866381.0,19158530.0
567,2019-05-07,6.59,6.61,6.67,6.51,1787367.0,11791767.0
568,2019-05-08,6.53,6.65,6.76,6.44,2249133.0,14921667.0
569,2019-05-09,6.64,6.66,6.78,6.59,1792929.0,11957127.0
570,2019-05-10,6.66,6.8,6.82,6.61,2730427.0,18421868.0
571,2019-05-13,6.82,6.88,7.0,6.74,3351500.0,23019266.0
572,2019-05-14,6.77,6.73,6.83,6.7,1616549.0,10949288.0
573,2019-05-15,6.78,6.95,7.05,6.78,3306495.0,22941863.0
574,2019-05-16,6.95,7.01,7.04,6.8,2572987.0,17897495.0
575,2019-05-17,7.02,6.68,7.02,6.62,2692124.0,18342503.0
576,2019-05-20,6.68,6.64,6.75,6.49,2015124.0,13274902.0
577,2019-05-21,6.67,6.84,6.85,6.55,2698799.0,18268874.0
578,2019-05-22,6.84,7.08,7.37,6.76,6740258.0,47493243.0
579,2019-05-23,6.92,6.67,6.97,6.63,4036113.0,27395915.0
580,2019-05-24,6.66,6.62,6.76,6.49,2418250.0,15972482.0
581,2019-05-27,6.64,6.74,6.79,6.55,2021394.0,13483970.0
582,2019-05-28,6.82,6.71,6.82,6.62,2250552.0,15185766.0
583,2019-05-29,6.65,6.67,6.77,6.62,1891840.0,12624945.0
584,2019-05-30,6.64,6.65,6.66,6.53,1563149.0,10311724.0
585,2019-05-31,6.65,6.62,6.78,6.61,1562846.0,10408645.0
586,2019-06-03,6.78,6.61,6.87,6.53,2917151.0,19505529.0
587,2019-06-04,6.53,6.5,6.59,6.42,1892952.0,12297660.0
588,2019-06-05,6.57,6.51,6.59,6.46,1844999.0,12045635.0
589,2019-06-06,6.53,6.33,6.53,6.27,1814269.0,11554473.0
590,2019-06-10,6.33,6.34,6.4,6.3,1239010.0,7866869.0
591,2019-06-11,6.33,6.54,6.57,6.32,1818719.0,11768520.0
592,2019-06-12,6.54,6.6,6.72,6.49,2285257.0,15101904.0
593,2019-06-13,6.59,6.61,6.65,6.5,1795862.0,11833259.0
594,2019-06-14,6.61,6.51,6.65,6.51,1518144.0,9979352.0
595,2019-06-17,6.56,6.5,6.57,6.39,1241943.0,8056963.0
596,2019-06-18,6.48,6.51,6.52,6.43,786227.0,5088225.0
597,2019-06-19,6.59,6.59,6.63,6.57,1683399.0,11100186.0
598,2019-06-20,6.59,6.72,6.72,6.52,2188224.0,14515958.0
599,2019-06-21,6.72,6.8,6.88,6.71,2625877.0,17797438.0
600,2019-06-24,6.76,6.8,6.83,6.69,1744529.0,11812058.0
601,2019-06-25,6.8,6.73,6.81,6.66,1480012.0,9935952.0
602,2019-06-26,6.66,6.74,6.78,6.66,1069594.0,7202462.0
603,2019-06-27,6.78,6.77,6.88,6.72,1373669.0,9327517.0
604,2019-06-28,6.82,6.69,6.82,6.63,1296602.0,8699100.0
605,2019-07-01,6.78,6.88,6.88,6.72,2594607.0,17723065.0
606,2019-07-02,6.93,6.86,6.95,6.81,2769698.0,19057411.0
607,2019-07-03,6.86,6.76,6.86,6.69,2326406.0,15701362.0
608,2019-07-04,6.81,6.74,6.81,6.7,1324085.0,8943896.0
609,2019-07-05,6.71,6.82,6.82,6.71,1833102.0,12428409.0
610,2019-07-08,6.8,6.55,6.81,6.5,2447578.0,16182195.0
611,2019-07-09,6.53,6.64,6.64,6.49,1003847.0,6599528.0
612,2019-07-10,6.67,6.65,6.73,6.57,1293996.0,8616508.0
613,2019-07-11,6.62,6.62,6.72,6.58,1254508.0,8335414.0
614,2019-07-12,6.61,6.66,6.66,6.59,942409.0,6248161.0
615,2019-07-15,6.61,6.69,6.71,6.56,1244285.0,8279187.0
616,2019-07-16,6.62,6.78,6.81,6.62,2006791.0,13560748.0
617,2019-07-17,6.74,6.73,6.79,6.71,1263127.0,8528161.0
618,2019-07-18,6.69,6.62,6.7,6.61,1164406.0,7745064.0
619,2019-07-19,6.63,6.67,6.73,6.63,989514.0,6598386.0
620,2019-07-22,6.63,6.46,6.69,6.44,1518337.0,9931908.0
621,2019-07-23,6.51,6.51,6.55,6.45,960650.0,6245767.0
622,2019-07-24,6.56,6.59,6.62,6.5,1099962.0,7233939.0
623,2019-07-25,6.61,6.63,6.64,6.55,512748.0,3381026.0
624,2019-07-26,6.63,6.64,6.65,6.57,607459.0,4013284.0
625,2019-07-29,6.62,6.63,6.65,6.57,653062.0,4303393.0
626,2019-07-30,6.63,6.61,6.72,6.59,976285.0,6473245.0
627,2019-07-31,6.63,6.62,6.63,6.51,974581.0,6399457.0
628,2019-08-01,6.53,6.56,6.63,6.52,840681.0,5517222.0
629,2019-08-02,6.47,6.42,6.5,6.36,1131532.0,7256176.0
630,2019-08-05,6.35,6.34,6.46,6.32,861227.0,5490331.0
631,2019-08-06,6.28,6.12,6.28,6.06,1349420.0,8298049.0
632,2019-08-07,6.16,6.05,6.19,6.05,886283.0,5417285.0
633,2019-08-08,6.07,6.06,6.13,6.02,740858.0,4497813.0
634,2019-08-09,6.03,6.03,6.13,5.98,693251.0,4198975.0
635,2019-08-12,6.03,6.1,6.1,6.0,903021.0,5458623.0
636,2019-08-13,6.04,6.13,6.16,5.94,1409453.0,8586702.0
637,2019-08-14,6.16,6.13,6.24,6.06,1096153.0,6719583.0
638,2019-08-15,6.04,6.09,6.09,5.97,1094850.0,6590226.0
639,2019-08-16,6.05,6.09,6.14,6.0,1253144.0,7631258.0
640,2019-08-19,6.1,6.22,6.22,6.09,1637697.0,10090258.0
641,2019-08-20,6.22,6.21,6.27,6.18,974481.0,6065844.0
642,2019-08-21,6.21,6.23,6.26,6.16,952732.0,5931369.0
643,2019-08-22,6.27,6.27,6.3,6.2,1111018.0,6948639.0
644,2019-08-23,6.27,6.31,6.34,6.25,1705918.0,10724864.0
645,2019-08-26,6.13,6.24,6.28,6.12,1536739.0,9543620.0
646,2019-08-27,6.28,6.29,6.36,6.24,1503264.0,9477567.0
647,2019-08-28,6.28,6.35,6.45,6.25,3096630.0,19672353.0
648,2019-08-29,6.35,6.26,6.36,6.21,1674618.0,10499305.0
649,2019-08-30,6.25,6.18,6.29,6.11,1390365.0,8618142.0
650,2019-09-02,6.14,6.23,6.27,6.13,1327250.0,8236518.0
651,2019-09-03,6.23,6.21,6.28,6.19,1455557.0,9050278.0
652,2019-09-04,6.22,6.3,6.33,6.2,1852499.0,11600026.0
653,2019-09-05,6.3,6.35,6.38,6.3,2206839.0,14003009.0
654,2019-09-06,6.39,6.36,6.39,6.31,1280165.0,8114512.0
655,2019-09-09,6.37,6.45,6.46,6.37,1473498.0,9457942.0
656,2019-09-10,6.45,6.47,6.47,6.4,1046642.0,6731604.0
657,2019-09-11,6.47,6.45,6.5,6.37,1475903.0,9497080.0
658,2019-09-12,6.45,6.46,6.48,6.42,1127223.0,7260661.0
659,2019-09-16,6.46,6.51,6.54,6.43,2037811.0,13229178.0
660,2019-09-17,6.51,6.35,6.53,6.32,1569512.0,10032446.0
661,2019-09-18,6.33,6.38,6.43,6.32,1116499.0,7101447.0
662,2019-09-19,6.39,6.4,6.41,6.29,1359813.0,8638240.0
663,2019-09-20,6.4,6.46,6.49,6.37,1948561.0,12551019.0
664,2019-09-23,6.41,6.39,6.49,6.34,1421481.0,9065426.0
665,2019-09-24,6.41,6.54,6.6,6.34,3555220.0,22976840.0
666,2019-09-25,6.49,6.47,6.57,6.39,2990186.0,19323465.0
667,2019-09-26,6.44,6.49,6.63,6.4,6540123.0,42671595.0
668,2019-09-27,6.44,6.62,6.67,6.41,4335289.0,28530005.0
669,2019-09-30,6.6,6.59,6.67,6.49,2044576.0,13452967.0
670,2019-10-08,6.51,6.59,6.66,6.51,1936033.0,12752033.0
671,2019-10-09,6.57,6.58,6.61,6.52,1446245.0,9490386.0
672,2019-10-10,6.55,6.69,6.7,6.55,2287574.0,15207247.0
673,2019-10-11,6.69,6.67,6.73,6.65,2019614.0,13504106.0
674,2019-10-14,6.69,6.74,6.85,6.65,2222975.0,15006749.0
675,2019-10-15,6.77,6.75,6.79,6.7,1520803.0,10275011.0
676,2019-10-16,6.77,6.84,6.92,6.74,3672920.0,25140507.0
677,2019-10-17,6.84,6.97,7.07,6.8,5603039.0,39024861.0
678,2019-10-18,6.96,6.74,6.98,6.73,4121223.0,28244955.0
679,2019-10-21,6.7,6.65,6.71,6.49,2687815.0,17723164.0
680,2019-10-22,6.6,6.67,6.7,6.6,1090541.0,7244105.0
681,2019-10-23,6.67,6.64,6.76,6.57,5098711.0,33775576.0
682,2019-10-24,6.59,5.98,6.69,5.98,1310834.0,8527616.0
683,2019-10-25,6.57,6.58,6.58,6.44,1852646.0,12156517.0
684,2019-10-28,6.65,6.77,6.96,6.65,7287750.0,49710009.0
685,2019-10-29,6.77,6.73,6.82,6.67,3623576.0,24339778.0
686,2019-10-30,6.65,6.62,6.74,6.59,2154244.0,14257927.0
687,2019-10-31,6.62,6.49,6.72,6.49,1781587.0,11760754.0
688,2019-11-01,6.49,6.77,6.82,6.41,4344550.0,29058642.0
689,2019-11-04,6.86,6.69,6.86,6.67,1778480.0,11978169.0
690,2019-11-05,6.69,6.73,6.81,6.68,2027063.0,13634444.0
691,2019-11-06,6.69,6.81,6.82,6.69,1860085.0,12561690.0
692,2019-11-07,6.84,6.82,6.84,6.73,1591717.0,10779462.0
693,2019-11-08,6.79,7.08,7.19,6.75,6761031.0,47419067.0
694,2019-11-11,7.03,7.04,7.07,6.9,5103889.0,35643378.0
695,2019-11-12,7.02,7.27,7.36,7.0,6839098.0,49521878.0
696,2019-11-13,7.27,7.14,7.27,7.07,3748170.0,26769164.0
697,2019-11-14,7.09,7.22,7.22,6.94,4772892.0,33710575.0
698,2019-11-15,7.43,7.14,7.62,7.11,7090883.0,52072357.0
699,2019-11-18,7.03,7.2,7.24,6.89,3469976.0,24519268.0
700,2019-11-19,7.25,7.17,7.26,7.09,2521643.0,18069972.0
701,2019-11-20,7.18,7.34,7.34,7.13,3391103.0,24617585.0
702,2019-11-21,7.25,7.42,7.48,7.22,2730569.0,20174304.0
703,2019-11-22,7.48,7.85,8.05,7.37,10516188.0,81360862.0
704,2019-11-25,7.85,7.87,8.07,7.61,6757224.0,52781485.0
705,2019-11-26,7.82,7.71,7.89,7.66,4139263.0,32126378.0
706,2019-11-27,7.65,7.7,7.81,7.54,3659891.0,28125059.0
707,2019-11-28,7.7,7.73,7.75,7.59,2732046.0,20941885.0
708,2019-11-29,7.74,7.73,7.94,7.69,2978065.0,23277589.0
709,2019-12-02,7.79,7.89,7.98,7.78,3511786.0,27730926.0
710,2019-12-03,7.87,8.26,8.26,7.51,8156955.0,65264831.0
711,2019-12-04,8.17,8.27,8.48,8.1,5617973.0,46563044.0
712,2019-12-05,8.42,8.85,8.88,8.17,7317349.0,62696856.0
713,2019-12-06,8.84,8.91,9.23,8.64,9823384.0,88086961.0
714,2019-12-09,9.04,9.03,9.16,8.79,5927487.0,53193455.0
715,2019-12-10,8.89,9.14,9.21,8.83,6254698.0,56392962.0
716,2019-12-11,9.12,9.16,9.25,8.95,4607010.0,41978609.0
717,2019-12-12,9.11,8.97,9.15,8.82,5501612.0,49277508.0
718,2019-12-13,8.98,9.08,9.33,8.91,10980997.0,100554586.0
719,2019-12-16,9.12,8.5,9.17,8.48,19439934.0,170152136.0
720,2019-12-17,8.52,8.5,8.68,8.22,12068080.0,101806164.0
721,2019-12-18,8.5,8.39,8.55,8.36,6536729.0,55123121.0
722,2019-12-19,8.37,8.48,8.53,8.3,4565519.0,38652710.0
723,2019-12-20,8.48,9.33,9.33,8.46,17426709.0,159072212.0
724,2019-12-23,9.49,8.89,10.08,8.83,19952880.0,188504402.0
725,2019-12-24,8.95,9.78,9.78,8.94,11817219.0,112126631.0
726,2019-12-25,9.79,10.28,10.76,9.78,21190817.0,217647484.0
727,2019-12-26,10.07,10.13,10.6,9.99,12506081.0,127355186.0
728,2019-12-27,10.16,10.08,10.38,9.87,9115454.0,91894973.0
729,2019-12-30,9.89,10.28,10.62,9.89,9227021.0,95147181.49
730,2019-12-31,10.09,10.33,10.48,10.08,7215373.0,74279480.39
731,2020-01-02,10.35,10.44,10.65,10.11,8268635.0,85734981.9
732,2020-01-03,10.44,11.13,11.45,10.24,12333402.0,133039680.29
733,2020-01-06,10.83,11.1,11.72,10.76,9188989.0,102935243.19
734,2020-01-07,11.07,11.96,12.04,11.04,10482617.0,121726088.49
735,2020-01-08,11.87,11.46,12.21,11.32,9608527.0,112651960.58
736,2020-01-09,11.56,11.79,12.06,11.56,5992846.0,70524716.96
737,2020-01-10,11.79,11.9,12.17,11.69,6912896.0,82675458.77
738,2020-01-13,11.82,11.61,11.91,11.41,7101744.0,82331853.01
739,2020-01-14,11.61,11.47,11.72,11.37,4651155.0,53367918.32
740,2020-01-15,11.49,11.68,11.97,11.15,7596659.0,88138483.24
741,2020-01-16,11.67,11.46,11.86,11.43,5967956.0,69258093.0
742,2020-01-17,11.57,11.4,11.57,11.25,4640613.0,52975104.0
743,2020-01-20,11.39,12.54,12.54,11.35,7219236.0,88251686.8
744,2020-01-21,12.7,13.47,13.79,12.7,14101905.0,187034391.86
745,2020-01-22,13.05,14.38,14.76,12.99,10948642.0,152037083.36
746,2020-01-23,14.27,13.57,14.87,12.94,11593446.0,158830335.0
747,2020-02-03,12.21,12.21,12.21,12.21,568472.0,6942528.0
748,2020-02-04,11.0,11.12,11.44,11.0,15157671.0,167882932.52
749,2020-02-05,11.13,11.82,12.17,11.13,13733735.0,162630629.0
750,2020-02-06,11.75,12.4,12.86,11.34,10205139.0,124912438.0
751,2020-02-07,12.37,12.13,12.88,11.89,9545787.0,117422653.64
752,2020-02-10,11.99,12.39,12.85,11.63,8064047.0,99268194.0
753,2020-02-11,12.33,12.29,12.57,12.12,5935082.0,73239496.0
754,2020-02-12,12.23,12.22,12.43,11.97,6979759.0,84734822.68
755,2020-02-13,12.33,11.82,12.35,11.75,6341592.0,75759034.0
756,2020-02-14,11.92,11.58,11.97,11.47,4862120.0,56762910.28
757,2020-02-17,11.63,11.98,12.01,11.58,5072251.0,60265734.0
758,2020-02-18,12.12,12.04,12.18,11.78,5947310.0,71191806.0
759,2020-02-19,12.12,12.05,12.74,11.83,10784225.0,132191819.65
760,2020-02-20,12.1,13.26,13.26,11.97,14543609.0,188811563.0
761,2020-02-21,12.87,13.45,13.62,12.87,11348387.0,150976973.83
762,2020-02-24,13.29,13.11,13.58,12.89,7509305.0,99035406.0
763,2020-02-25,12.69,12.95,13.32,11.93,11560772.0,145903569.0
764,2020-02-26,12.68,12.49,13.44,12.37,8883782.0,115117198.61
765,2020-02-27,12.47,12.2,12.71,12.15,5364930.0,66382154.76
766,2020-02-28,11.67,11.42,12.07,11.42,6813202.0,80352537.98
767,2020-03-02,11.56,11.7,11.9,11.32,4728612.0,55328338.0
768,2020-03-03,11.81,11.85,12.06,11.53,5418156.0,64096957.0
769,2020-03-04,11.65,11.79,11.83,11.44,2979969.0,34702651.0
770,2020-03-05,11.84,12.38,12.82,11.84,7547706.0,93855825.2
771,2020-03-06,12.25,12.72,12.85,12.1,7565987.0,95346362.25
772,2020-03-09,12.67,13.14,13.98,12.58,14976246.0,202498008.7
773,2020-03-10,12.73,13.85,13.92,12.47,12058587.0,161291065.0
774,2020-03-11,14.14,14.72,15.24,13.82,21420773.0,315596123.43
775,2020-03-12,13.98,13.25,14.33,13.25,15467355.0,210434311.7
776,2020-03-13,11.93,12.84,13.57,11.93,10776848.0,138138749.0
777,2020-03-16,12.77,11.65,13.29,11.55,10098901.0,124635353.0
778,2020-03-17,11.78,11.39,11.92,10.82,8054927.0,91031623.0
779,2020-03-18,11.45,11.09,11.6,10.98,5322643.0,59863913.79
780,2020-03-19,10.91,11.28,11.29,10.78,5745157.0,63443430.0
781,2020-03-20,11.4,12.12,12.17,11.28,8098622.0,95621019.72
782,2020-03-23,11.67,11.72,12.39,11.58,7520531.0,90689692.0
783,2020-03-24,11.97,11.59,12.17,11.27,5823332.0,68068620.0
784,2020-03-25,11.82,11.71,11.97,11.53,4711975.0,55086096.4
785,2020-03-26,11.67,11.7,12.17,11.46,7803764.0,92624056.4
786,2020-03-27,11.7,11.29,12.02,11.28,6702099.0,78053761.0
787,2020-03-30,10.99,11.17,11.47,10.92,5018741.0,56052766.8
788,2020-03-31,11.32,11.15,11.97,11.03,8675560.0,97899955.6
789,2020-04-01,10.99,10.58,11.14,10.57,6665046.0,71816343.7
790,2020-04-02,10.48,10.83,10.85,10.26,5621610.0,59545757.44
791,2020-04-03,10.78,10.96,11.21,10.59,7200314.0,78930915.0
792,2020-04-07,11.12,10.88,11.14,10.83,7021712.0,76830603.01
793,2020-04-08,10.87,10.68,10.9,10.52,5801383.0,61804540.0
794,2020-04-09,10.81,10.58,10.81,10.48,5905447.0,62481235.98
795,2020-04-10,10.61,10.32,10.78,10.11,5768109.0,60124350.3
796,2020-04-13,10.18,9.73,10.23,9.56,5630401.0,54976427.0
797,2020-04-14,9.83,9.58,9.83,9.42,6184240.0,59244124.0
798,2020-04-15,9.61,9.37,9.69,9.36,5282422.0,50207052.0
799,2020-04-16,9.4,9.38,9.63,9.36,4350837.0,41091470.0
800,2020-04-17,9.42,9.69,9.72,9.42,6442766.0,61726005.69
801,2020-04-20,9.81,10.66,10.66,9.81,13194249.0,136082704.22
802,2020-04-21,10.88,10.58,10.88,10.39,8227638.0,87019300.9
803,2020-04-22,10.73,10.78,10.9,10.4,5935378.0,63379302.9
804,2020-04-23,10.78,10.94,11.14,10.68,6906717.0,75334467.65
805,2020-04-24,10.98,11.23,11.35,10.87,8113618.0,90134663.53
806,2020-04-27,11.47,10.26,11.47,10.23,6810482.0,72043790.5
807,2020-04-28,10.49,9.76,10.53,9.65,7886144.0,78228571.5
808,2020-04-29,9.58,9.7,9.98,9.37,5561747.0,53915370.81
809,2020-04-30,9.62,9.72,9.87,9.58,3392342.0,33023385.28
810,2020-05-06,9.72,10.0,10.02,9.6,3707698.0,36424563.62
811,2020-05-07,9.99,9.86,10.17,9.84,2556374.0,25411297.71
812,2020-05-08,10.07,10.23,10.36,9.88,4206314.0,42673992.0
813,2020-05-11,10.22,10.05,10.4,10.02,2625040.0,26691359.45
814,2020-05-12,10.13,10.35,10.49,9.94,4761857.0,48887181.0
815,2020-05-13,10.51,11.36,11.38,10.36,12906045.0,143956041.77
816,2020-05-14,11.18,11.4,11.77,11.1,9258320.0,106281101.0
817,2020-05-15,11.67,11.21,11.77,11.03,9123819.0,103366341.0
818,2020-05-18,11.3,11.2,11.77,11.15,7260574.0,82585431.5
819,2020-05-19,11.32,11.29,11.65,11.23,4766668.0,54269800.0
820,2020-05-20,11.29,11.81,11.9,10.17,9714401.0,112947451.7
821,2020-05-21,11.77,11.65,12.47,11.48,8477873.0,101611714.0
822,2020-05-22,11.74,12.1,12.47,11.2,10531469.0,125377876.0
823,2020-05-25,11.84,12.04,12.55,11.76,8317815.0,101455660.0
824,2020-05-26,12.04,12.77,12.82,11.89,9652301.0,119615135.0
825,2020-05-27,12.66,12.82,13.44,12.32,12398948.0,158220131.0
826,2020-05-28,12.86,12.91,13.1,12.53,7793241.0,99744004.0
827,2020-05-29,12.85,13.65,14.01,12.85,15079575.0,201480396.08
828,2020-06-01,13.62,14.77,14.97,13.57,17416928.0,246497820.04
829,2020-06-02,15.84,13.62,15.96,13.61,41357594.0,605297021.27
830,2020-06-03,13.12,12.33,13.28,12.27,24452207.0,310041043.41
831,2020-06-04,12.35,12.35,12.74,12.16,12733990.0,157982196.9
832,2020-06-05,12.36,12.06,12.48,12.0,10630491.0,130111098.0
833,2020-06-08,12.16,12.07,12.53,11.98,9193400.0,112453465.18
834,2020-06-09,11.9,11.49,11.9,11.31,10748954.0,124256477.28
835,2020-06-10,11.5,11.25,11.51,11.23,5743253.0,65070055.0
836,2020-06-11,11.24,11.14,11.5,11.08,6823671.0,76922637.0
837,2020-06-12,10.85,11.77,11.92,10.68,13234792.0,150510851.96
838,2020-06-15,12.12,12.95,12.95,11.82,11578204.0,145050788.16
839,2020-06-16,13.69,14.25,14.25,12.65,29835422.0,406281609.45
840,2020-06-17,14.12,13.69,14.21,13.1,25486589.0,348790100.07
841,2020-06-18,13.51,13.45,14.42,13.25,19469865.0,268526301.14
842,2020-06-19,13.35,13.27,14.07,13.24,15195456.0,205643281.82
843,2020-06-22,13.16,13.32,13.74,12.99,12829213.0,171571013.18
844,2020-06-23,13.27,14.12,14.6,13.2,21750525.0,303901375.46
845,2020-06-24,14.22,14.29,14.75,14.13,14668274.0,211161743.8
846,2020-06-29,14.3,14.82,15.12,14.04,16671639.0,244030294.78
847,2020-06-30,15.05,13.83,15.95,13.78,26599959.0,389495771.42
848,2020-07-01,13.71,15.22,15.22,13.7,11232085.0,165974155.36
849,2020-07-02,15.82,16.74,16.74,15.47,25811484.0,421713857.64
850,2020-07-03,17.33,18.42,18.42,16.06,28122041.0,498238672.57
851,2020-07-06,19.25,20.26,20.26,18.42,8780550.0,173153024.7
852,2020-07-07,21.95,22.29,22.29,21.95,5258830.0,116472949.02
853,2020-07-08,24.52,22.55,24.52,20.07,35515621.0,783481209.69
854,2020-07-09,23.19,24.81,24.81,23.1,27103041.0,656424923.67
855,2020-07-10,26.44,27.29,27.29,23.83,18890434.0,504790884.75
856,2020-07-13,30.02,30.02,30.02,30.02,3525984.0,105850039.68
857,2020-07-14,33.02,33.02,33.02,31.0,20471255.0,672416772.3
858,2020-07-15,33.02,35.0,36.32,30.21,29936738.0,1002218545.04
859,2020-07-16,34.28,38.5,38.5,34.28,25137365.0,945413052.05
860,2020-07-17,38.0,34.65,38.0,34.65,24740212.0,867368057.25
861,2020-07-20,31.8,31.19,34.08,31.19,20613468.0,653086343.12
862,2020-07-21,31.98,34.31,34.31,31.02,22149750.0,722382294.23
863,2020-07-22,33.5,36.42,37.74,32.12,25708294.0,922411961.66
864,2020-07-23,35.99,40.06,40.06,35.66,17426024.0,675090727.3
865,2020-07-24,42.71,39.17,44.07,38.0,29621224.0,1256112814.0
866,2020-07-27,41.0,43.09,43.09,41.0,17129066.0,731311726.45
867,2020-07-28,45.07,38.78,46.32,38.78,28782398.0,1161501574.94
868,2020-07-29,37.64,40.0,40.97,35.52,24509677.0,923802741.21
869,2020-07-30,39.08,44.0,44.0,37.38,23095715.0,919254654.94
870,2020-07-31,44.0,48.4,48.4,40.08,33355192.0,1560478208.93
871,2020-08-03,48.4,51.7,53.24,48.4,31981857.0,1638745276.26
872,2020-08-04,47.68,47.9,50.99,47.0,26420989.0,1288332384.38
873,2020-08-05,48.0,52.69,52.69,47.99,22015044.0,1121585230.49
874,2020-08-06,54.5,57.96,57.96,52.0,25109479.0,1428606262.96
875,2020-08-07,59.0,63.76,63.76,57.5,26260291.0,1631834730.14
876,2020-08-10,63.98,59.1,68.22,57.38,32346131.0,2026741219.14
877,2020-08-11,56.65,53.5,59.08,53.19,23264351.0,1294802155.12
878,2020-08-12,55.09,57.29,58.66,53.2,25324891.0,1419761347.95
879,2020-08-13,56.49,51.56,56.5,51.56,21220024.0,1139994999.63
880,2020-08-14,48.0,46.4,49.8,46.4,16427607.0,776469716.3
881,2020-08-17,44.91,48.8,50.37,42.89,28926193.0,1351025135.77
882,2020-08-18,48.81,53.68,53.68,48.19,26438501.0,1365603590.31
883,2020-08-19,52.49,48.31,52.49,48.31,23549750.0,1158983204.0
884,2020-08-20,48.0,43.48,48.0,43.48,20749514.0,919703066.52
885,2020-08-21,39.93,42.7,43.38,39.14,27646208.0,1121956748.85
886,2020-08-24,40.6,38.43,40.6,38.43,21267201.0,832011760.12
887,2020-08-25,38.43,38.3,40.01,37.4,19751707.0,765148793.34
888,2020-08-26,37.5,37.99,39.44,36.69,18573389.0,711129002.87
889,2020-08-27,37.2,37.34,38.0,36.5,15677634.0,584830987.76
890,2020-08-28,37.5,37.07,37.8,35.61,19665977.0,722617556.12
891,2020-08-31,37.33,35.69,37.77,35.6,15539300.0,568257080.62
892,2020-09-01,35.21,35.24,36.12,34.78,12884409.0,453736146.62
893,2020-09-02,35.52,34.13,35.65,34.05,12446809.0,431331089.79
894,2020-09-03,34.42,32.87,34.42,32.79,12646784.0,423569097.36
895,2020-09-04,32.46,32.11,32.76,31.65,12659784.0,406366178.4
896,2020-09-07,32.2,29.88,32.5,29.52,19966384.0,616815800.64
897,2020-09-08,30.26,28.82,30.37,28.5,14603284.0,427139264.8
898,2020-09-09,28.61,26.59,28.76,26.51,15480515.0,425853143.55
899,2020-09-10,27.11,26.4,28.55,26.22,20117000.0,549840918.8
900,2020-09-11,26.3,26.51,27.06,25.43,17285598.0,450934085.2
901,2020-09-14,26.89,26.95,27.98,26.1,24075889.0,651350942.88
902,2020-09-15,26.68,28.3,28.8,26.36,27563681.0,768810346.23
903,2020-09-16,27.74,27.8,27.97,26.82,18883309.0,518483039.12
904,2020-09-17,27.61,27.2,28.88,27.07,17630922.0,491004792.12
905,2020-09-18,25.95,28.3,28.88,25.0,25585357.0,694972700.64
906,2020-09-21,28.0,27.53,28.49,27.4,14515645.0,403740385.61
907,2020-09-22,27.2,26.58,27.77,26.5,11344958.0,305922598.35
908,2020-09-23,26.8,28.01,29.24,26.5,26032136.0,733024669.65
909,2020-09-24,27.98,30.81,30.81,27.98,36439268.0,1072444215.19
910,2020-09-25,30.81,30.8,33.6,30.2,41862882.0,1332234827.29
911,2020-09-28,30.76,27.72,31.64,27.72,25036432.0,734364807.82
912,2020-09-29,27.02,26.79,27.72,25.94,20679940.0,554348254.94
913,2020-09-30,26.84,25.92,27.18,25.7,16015600.0,421557952.0
914,2020-10-09,26.4,27.07,27.53,26.01,15840167.0,424853792.72
915,2020-10-12,27.6,27.81,27.87,26.71,14362284.0,394163855.44
916,2020-10-13,28.3,28.08,28.52,26.69,18105299.0,495672868.81
917,2020-10-14,28.28,28.5,29.84,27.31,25763855.0,742823773.16
918,2020-10-15,28.31,27.25,28.31,26.7,13702367.0,373400998.49
919,2020-10-16,26.98,27.08,27.15,26.47,7679500.0,206133077.0
920,2020-10-19,26.71,25.55,26.9,25.5,12438471.0,324205155.46
921,2020-10-20,25.3,25.87,25.89,24.5,8939000.0,225201916.0
922,2020-10-21,25.85,24.98,25.85,24.91,6782100.0,171102595.0
923,2020-10-22,24.9,25.02,25.66,24.21,8041600.0,200285885.0
924,2020-10-23,24.75,23.9,25.17,23.84,8503799.0,207594945.47
925,2020-10-26,23.8,23.97,24.4,23.23,6665314.0,158961514.74
926,2020-10-27,23.95,23.63,24.24,23.46,5054684.0,119833943.04
927,2020-10-28,23.5,23.37,23.7,23.03,5661700.0,132094567.0
928,2020-10-29,23.19,22.83,23.2,22.38,10575976.0,241668012.77
929,2020-10-30,22.84,21.49,22.85,21.45,11492798.0,253245870.66
930,2020-11-02,21.49,21.83,22.52,21.21,9093600.0,199178870.0
931,2020-11-03,22.22,22.41,22.59,21.9,7562800.0,168392267.0
932,2020-11-04,22.47,22.33,22.77,22.1,5701500.0,127555825.0
933,2020-11-05,22.77,22.32,22.77,21.79,8105100.0,179901655.0
934,2020-11-06,22.3,21.96,22.48,21.79,6630100.0,146240082.0
935,2020-11-09,22.01,22.97,23.15,21.87,9957471.0,226248714.45
936,2020-11-10,23.31,21.93,23.58,21.76,12463967.0,280633374.62
937,2020-11-11,21.75,21.43,21.9,21.28,7072366.0,152375192.82
938,2020-11-12,21.42,21.79,23.09,21.3,14192152.0,314712716.47
939,2020-11-13,21.81,21.82,22.25,21.07,8507885.0,184957184.2
940,2020-11-16,21.8,21.42,21.95,21.21,7297771.0,156355499.46
941,2020-11-17,21.27,20.87,21.35,20.59,8665000.0,180617410.0
942,2020-11-18,20.78,20.91,21.53,20.68,7280700.0,152795647.0
943,2020-11-19,20.81,21.19,21.42,20.41,8388599.0,176248235.4
944,2020-11-20,21.2,21.36,21.62,20.97,6430199.0,137306964.93
945,2020-11-23,21.37,20.62,21.43,20.57,8809400.0,183229685.3
946,2020-11-24,20.6,22.68,22.68,20.24,14924271.0,322473036.28
947,2020-11-25,23.13,21.89,23.87,21.81,22190304.0,505506635.61
948,2020-11-26,21.58,20.8,21.8,20.62,13393082.0,282352440.2
949,2020-11-27,20.01,19.35,20.18,19.15,15267415.0,298894063.1
950,2020-11-30,19.26,19.19,19.56,19.0,6384399.0,123023754.86
951,2020-12-01,19.16,19.35,19.46,19.13,5519832.0,106694352.51
952,2020-12-02,19.35,19.23,19.52,19.2,5297000.0,102367545.0
953,2020-12-03,19.15,19.53,19.81,18.9,8218324.0,159593587.08
954,2020-12-04,19.36,19.37,19.69,19.18,4684000.0,90988169.0
955,2020-12-07,19.37,19.46,20.32,19.12,8509900.0,167964937.0
956,2020-12-08,19.54,19.78,20.18,19.2,7326224.0,143687410.8
957,2020-12-09,19.6,19.07,19.86,19.0,6939000.0,134257640.0
958,2020-12-10,19.0,19.2,19.8,18.51,7745847.0,148033305.45
959,2020-12-11,19.1,18.36,19.17,18.08,8005300.0,148211651.0
960,2020-12-14,18.41,19.72,20.2,18.03,19760033.0,389327351.12
961,2020-12-15,19.64,18.69,19.76,18.3,16157714.0,302438860.82
962,2020-12-16,18.5,20.56,20.56,18.3,25980614.0,516045035.84
963,2020-12-17,21.14,20.78,21.95,20.52,29419413.0,623399332.76
964,2020-12-18,20.27,19.97,20.87,19.87,16474541.0,333535313.56
965,2020-12-21,19.78,20.1,20.73,19.67,12601314.0,255525149.6
966,2020-12-22,20.29,22.11,22.11,19.77,20652066.0,440737191.8
967,2020-12-23,22.88,24.32,24.32,22.11,25940531.0,603800950.09
968,2020-12-24,26.0,24.32,26.75,24.32,43399214.0,1121537028.44
969,2020-12-25,21.9,21.89,22.69,21.89,29199224.0,645576244.04
970,2020-12-28,21.3,21.05,21.7,20.81,18028470.0,382296069.38
971,2020-12-29,21.23,23.16,23.16,21.2,19727432.0,439287892.99
972,2020-12-30,23.8,23.87,24.98,22.42,29890233.0,711201179.97
973,2020-12-31,23.87,22.91,24.81,22.82,21232924.0,499534553.68
974,2021-01-04,22.95,24.43,25.09,22.63,22008600.0,528907436.0
975,2021-01-05,24.45,23.52,24.78,23.05,20164300.0,474045970.0
976,2021-01-06,23.06,22.14,23.3,21.71,15731000.0,349972102.0
977,2021-01-07,22.06,20.48,22.06,20.36,14605300.0,307232437.99
978,2021-01-08,20.46,19.88,20.46,19.01,10299300.0,205097897.0
979,2021-01-11,19.6,20.61,21.49,19.31,15756458.0,321165213.12
980,2021-01-12,19.9,20.12,20.78,19.8,9875800.0,199135091.0
981,2021-01-13,19.8,19.1,20.1,19.01,10908657.0,211388055.44
982,2021-01-14,19.11,18.97,20.0,18.69,8286458.0,160182571.46
983,2021-01-15,18.61,19.1,19.35,18.29,6711100.0,127020391.0
984,2021-01-18,19.39,20.2,20.6,18.57,12357199.0,243494041.61
985,2021-01-19,19.78,20.15,21.1,19.42,13332956.0,267829808.6
986,2021-01-20,19.8,19.95,20.4,19.53,8190000.0,162047043.0
987,2021-01-21,19.01,19.18,19.49,19.01,7953199.0,153238508.65
988,2021-01-22,19.06,18.93,19.45,18.8,6507200.0,124349586.0
989,2021-01-25,19.33,19.86,20.5,19.28,13318915.0,265845123.08
990,2021-01-26,19.5,19.81,20.49,19.3,9103300.0,182477975.0
991,2021-01-27,19.9,19.2,19.9,18.99,6518861.0,125674217.1
992,2021-01-28,18.8,18.37,19.12,18.18,5842500.0,108813512.0
993,2021-01-29,18.37,17.22,18.61,16.7,8246700.0,145908868.0
994,2021-02-01,17.3,17.23,17.78,17.05,5007104.0,86856534.24
995,2021-02-02,17.31,17.02,17.42,16.71,5834684.0,99125695.64
996,2021-02-03,16.74,15.86,16.76,15.79,9333800.0,150738241.0
997,2021-02-04,15.43,15.3,15.91,15.13,7689400.0,119181418.0
998,2021-02-05,15.34,15.48,15.79,15.34,5661000.0,87870677.0
999,2021-02-08,15.48,15.73,15.94,15.46,5056904.0,79399483.44
1000,2021-02-09,15.72,15.62,15.86,15.51,4102694.0,64249084.04
1001,2021-02-10,15.86,15.92,16.09,15.7,4077296.0,64750109.32
1002,2021-02-18,16.7,16.88,17.41,16.12,7475994.0,126363724.45
1003,2021-02-19,16.88,17.51,17.95,16.61,6538590.0,113750882.5
1004,2021-02-22,17.47,17.15,17.75,16.98,5719100.0,99529068.75
1005,2021-02-23,17.2,16.83,17.28,16.75,4242032.0,71785966.0
1006,2021-02-24,16.9,16.81,17.02,16.64,3671167.0,61778899.6
1007,2021-02-25,16.82,16.63,17.03,16.53,2586565.0,43131543.05
1008,2021-02-26,16.45,16.38,16.71,16.2,3250500.0,53385738.0
1009,2021-03-01,16.34,17.03,17.1,16.34,4754500.0,80066551.0
1010,2021-03-02,17.09,16.66,17.19,16.5,3894000.0,65495211.0
1011,2021-03-03,16.6,16.79,16.88,16.46,3936100.0,65796991.0
1012,2021-03-04,16.91,16.44,17.07,16.39,5831500.0,97163155.0
1013,2021-03-05,16.0,16.9,16.95,15.85,5913400.0,97905933.0
1014,2021-03-08,16.93,16.25,17.37,16.21,6558500.0,110763656.0
1015,2021-03-09,16.11,15.64,16.25,15.44,5120000.0,81135143.0
1016,2021-03-10,15.95,15.34,15.97,15.21,3994000.0,61802565.0
1017,2021-03-11,15.22,15.66,15.81,15.17,4273800.0,66237675.0
1018,2021-03-12,15.8,15.78,15.97,15.61,3330400.0,52458987.0
1019,2021-03-15,15.78,17.36,17.36,15.78,9625500.0,164417327.0
1020,2021-03-16,18.0,17.28,18.1,16.9,14607200.0,255435488.0
1021,2021-03-17,16.92,19.01,19.01,16.76,16428556.0,295195274.24
1022,2021-03-18,19.13,19.65,20.72,18.43,22409532.0,433569282.87
1023,2021-03-19,19.0,19.12,19.47,18.59,12593474.0,239424512.68
1024,2021-03-22,19.12,19.73,19.97,18.94,12245407.0,237916786.19
1025,2021-03-23,19.7,19.95,20.71,19.3,14751574.0,294669715.11
1026,2021-03-24,19.96,19.44,20.0,18.7,11948818.0,230664379.04
1027,2021-03-25,19.06,19.56,20.12,18.71,10812322.0,209756487.43
1028,2021-03-26,19.36,19.28,20.4,19.16,10669009.0,210727448.29
1029,2021-03-29,19.3,19.39,19.78,18.8,8196300.0,156575006.0
1030,2021-03-30,19.07,19.3,19.75,18.88,7873088.0,152786015.32
1031,2021-03-31,19.3,18.48,19.3,18.4,9389688.0,176255695.44
1032,2021-04-01,18.48,18.53,18.74,17.55,9099659.0,165978855.82
1033,2021-04-02,18.44,18.8,19.49,18.44,8363834.0,158430323.86
1034,2021-04-06,18.85,18.68,19.35,18.5,6097600.0,114984433.0
1035,2021-04-07,18.68,19.34,19.35,18.4,10116100.0,191467714.0
1036,2021-04-08,19.7,19.41,20.9,19.07,15189700.0,302566479.39
1037,2021-04-09,18.97,20.07,20.52,18.86,13828799.0,274442364.39
1038,2021-04-12,20.67,20.86,21.68,20.28,18837372.0,395699451.66
1039,2021-04-13,20.36,19.36,20.57,19.3,13519192.0,267185800.17
1040,2021-04-14,19.1,19.53,20.2,18.53,11369829.0,219861448.25
1041,2021-04-15,19.48,18.28,19.49,18.12,10277933.0,191878094.41
1042,2021-04-16,18.28,20.11,20.11,18.08,17947769.0,349952724.43
1043,2021-04-19,20.15,20.06,20.33,19.66,13330000.0,265997996.0
1044,2021-04-20,19.99,19.16,19.99,19.09,10731153.0,209189457.89
1045,2021-04-21,19.17,19.02,19.46,18.93,6873966.0,131497321.0
1046,2021-04-22,19.05,18.62,19.19,18.55,6376000.0,119817211.0
1047,2021-04-23,18.5,18.69,18.94,18.45,5012800.0,93613924.0
1048,2021-04-26,18.6,18.28,18.63,18.24,4855000.0,89334861.35
1049,2021-04-27,18.6,18.83,18.9,18.3,5302758.0,99095050.94
1050,2021-04-28,18.3,18.43,18.72,18.24,4233400.0,78024775.42
1051,2021-04-29,18.31,18.58,18.86,18.31,3858467.0,71690689.68
1052,2021-04-30,18.89,18.75,18.89,18.36,3903796.0,72408328.94
1053,2021-05-06,18.66,17.73,18.75,17.18,5998416.0,107442720.0
1054,2021-05-07,17.48,16.6,17.69,16.56,6513898.0,110907751.7
1055,2021-05-10,16.6,16.78,17.2,16.31,4148398.0,69379104.1
1056,2021-05-11,16.68,16.59,16.89,16.34,3239211.0,53585792.38
1057,2021-05-12,16.59,16.65,16.66,16.35,3019400.0,49835173.0
1058,2021-05-13,16.55,16.6,16.83,16.4,3469000.0,57892890.0
1059,2021-05-14,16.6,16.47,16.6,16.18,3628000.0,59485959.0
1060,2021-05-17,16.36,16.56,16.8,16.2,3875100.0,64037970.0
1061,2021-05-18,16.53,16.33,16.53,16.24,2966816.0,48423591.8
1062,2021-05-19,16.29,16.1,16.29,16.03,2791079.0,44989348.69
1063,2021-05-20,16.1,17.0,17.67,16.05,8219099.0,138944431.97
1064,2021-05-21,16.78,16.81,17.28,16.65,4374729.0,73835027.91
1065,2021-05-24,16.65,16.83,17.13,16.53,3689800.0,62265562.35
1066,2021-05-25,16.72,16.68,16.77,16.43,3650128.0,60595751.3
1067,2021-05-26,16.72,17.21,17.72,16.7,6260423.0,108001323.16
1068,2021-05-27,17.05,17.22,17.37,17.05,3779699.0,65113059.8
1069,2021-05-28,17.25,17.11,17.6,17.09,4375545.0,75976883.3
1070,2021-05-31,17.01,16.81,17.55,16.63,4644739.0,77936823.61
1071,2021-06-01,16.8,16.89,17.1,16.64,3015618.0,50848307.58
1072,2021-06-02,16.9,16.95,17.45,16.72,4914511.0,83913193.43
1073,2021-06-03,16.91,18.11,18.51,16.78,10922110.0,193896202.44
1074,2021-06-04,18.4,19.92,19.92,18.4,15248011.0,300265276.4
1075,2021-06-07,21.0,21.14,21.88,19.92,26478900.0,552377964.0
1076,2021-06-08,20.99,21.23,22.33,20.82,19054211.0,410360328.0
1077,2021-06-09,21.29,22.64,22.93,21.28,16440540.0,367372664.0
1078,2021-06-10,22.63,21.48,22.63,20.88,16890811.0,362713975.98
1079,2021-06-11,21.16,23.63,23.63,21.16,10531225.0,245050330.25
1080,2021-06-15,25.9,25.99,25.99,23.88,28426030.0,729558979.11
1081,2021-06-16,25.47,27.2,28.59,25.47,33464551.0,918372306.22
1082,2021-06-17,27.47,24.48,28.8,24.48,34934411.0,914352707.16
1083,2021-06-18,24.25,23.78,24.65,23.19,21325300.0,507924807.0
1084,2021-06-21,23.84,23.12,24.19,22.83,16252600.0,379242959.0
1085,2021-06-22,23.41,22.2,23.49,21.96,15204800.0,340653267.0
1086,2021-06-23,22.2,22.25,22.85,22.01,13378000.0,299884658.0
1087,2021-06-24,22.13,21.23,22.44,21.15,12663700.0,271963063.0
1088,2021-06-25,21.1,20.65,21.2,20.39,10101600.0,209413679.0
1089,2021-06-28,20.68,20.67,21.06,20.55,7450800.0,154599602.0
1090,2021-06-29,20.71,22.74,22.74,20.7,16228600.0,351383340.0
1091,2021-06-30,22.95,23.25,24.67,21.88,23817400.0,557980010.0
1092,2021-07-01,23.2,24.01,24.73,22.45,18751200.0,442403561.0
1093,2021-07-02,24.0,22.68,24.12,22.68,12005140.0,278347485.36
1094,2021-07-05,22.66,22.77,23.34,22.16,9880109.0,224389772.82
1095,2021-07-06,22.8,23.44,24.3,22.72,14824209.0,348901731.75
1096,2021-07-07,22.6,22.77,23.34,22.25,10663165.0,242876142.5
1097,2021-07-08,22.12,21.25,22.12,21.15,13217721.0,285435855.83
1098,2021-07-09,21.2,20.81,22.1,20.69,14147777.0,302539860.16
1099,2021-07-12,20.98,20.87,21.18,20.25,12125000.0,251321690.0
1100,2021-07-13,20.86,20.29,20.87,20.09,9404100.0,190881985.0
1101,2021-07-14,20.15,20.06,20.43,19.91,7499800.0,150713584.0
1102,2021-07-15,20.15,19.66,20.15,19.19,8902300.0,173873243.0
1103,2021-07-16,19.75,20.9,21.63,19.32,24907800.0,521308155.55
1104,2021-07-19,20.09,18.81,20.09,18.81,19651500.0,376472264.6
1105,2021-07-20,18.13,18.51,18.78,18.05,7537740.0,139075487.0
1106,2021-07-21,18.28,18.84,19.09,18.22,6704800.0,126574576.0
1107,2021-07-22,18.84,19.0,19.59,18.66,7152600.0,136680142.0
1108,2021-07-23,18.93,19.59,20.26,18.6,12430775.0,242846660.25
1109,2021-07-26,19.59,18.63,19.94,18.33,8693958.0,164696540.96
1110,2021-07-27,18.41,18.35,19.15,18.12,6697800.0,123898110.0
1111,2021-07-28,18.18,17.38,18.31,17.02,5635900.0,98951684.0
1112,2021-07-29,17.45,17.59,17.87,17.45,4375609.0,77373802.04
1113,2021-07-30,17.5,18.13,18.55,17.05,8107458.0,144291319.06
1114,2021-08-02,17.98,18.36,18.54,17.46,6447158.0,116127546.1
1115,2021-08-03,18.3,17.99,18.75,17.93,5241458.0,95687750.06
1116,2021-08-04,17.99,18.18,18.65,17.81,4625800.0,84535891.0
1117,2021-08-05,18.08,17.57,18.18,17.5,6497409.0,115350146.68
1118,2021-08-06,17.44,17.2,17.74,17.09,5453100.0,94506888.0
1119,2021-08-09,17.29,17.4,17.56,17.25,3819811.0,66499790.4
1120,2021-08-10,17.3,18.11,18.49,17.3,7837751.0,141636582.04
1121,2021-08-11,18.0,18.48,19.05,17.95,7857855.0,146274893.1
1122,2021-08-12,18.49,18.25,18.69,18.13,4781311.0,87655916.09
1123,2021-08-13,18.2,17.9,18.24,17.76,4384366.0,78419697.07
1124,2021-08-16,17.76,17.78,18.12,17.52,4332200.0,77025636.0
1125,2021-08-17,17.46,17.08,17.55,16.9,6438240.0,110815885.6
1126,2021-08-18,17.03,17.02,17.06,16.77,3304540.0,55908492.2
1127,2021-08-19,16.99,17.4,17.8,16.81,5661640.0,98153287.6
1128,2021-08-20,17.34,17.03,17.34,16.8,3272798.0,55603028.88
1129,2021-08-23,17.06,17.13,17.3,17.03,3104627.0,53237242.24
1130,2021-08-24,16.86,17.14,17.6,16.83,5500336.0,94044116.32
1131,2021-08-25,17.07,17.69,17.75,16.95,8131934.0,141663506.0
1132,2021-08-26,17.75,17.48,17.75,17.1,5866098.0,102160958.94
1133,2021-08-27,17.48,19.23,19.23,17.27,14813476.0,276459245.02
1134,2021-08-30,19.31,18.4,19.42,18.16,17121508.0,319133596.13
1135,2021-08-31,18.53,18.16,18.97,17.77,9989000.0,183407894.96
1136,2021-09-01,18.03,18.45,19.31,18.0,9919598.0,184241977.6
1137,2021-09-02,18.66,18.8,19.2,18.3,8669474.0,162426837.94
1138,2021-09-03,18.41,18.47,18.8,18.11,7938763.0,146355272.76
1139,2021-09-06,18.57,19.11,19.6,18.22,10849096.0,204983060.88
1140,2021-09-07,18.99,19.02,19.22,18.68,7825268.0,148313789.2
1141,2021-09-08,19.0,18.82,19.29,18.66,5737900.0,108714732.0
1142,2021-09-09,18.82,19.43,19.65,18.73,12201700.0,234662837.37
1143,2021-09-10,19.41,18.86,20.15,18.86,10654647.0,206671991.64
1144,2021-09-13,18.56,18.47,18.78,18.22,6176291.0,114398104.7
1145,2021-09-14,18.38,17.8,18.64,17.8,6414401.0,116387698.1
1146,2021-09-15,17.8,17.56,17.87,17.43,4345800.0,76484084.0
1147,2021-09-16,17.56,17.22,17.84,17.12,4837672.0,84240392.12
1148,2021-09-17,17.33,17.2,17.35,16.88,3718256.0,63589567.54
1149,2021-09-22,17.18,17.16,17.25,16.96,3231735.0,55345482.93
1150,2021-09-23,17.15,17.32,17.45,17.15,4341172.0,74995012.6
1151,2021-09-24,17.32,17.23,17.44,17.06,3387745.0,58314777.59
1152,2021-09-27,17.2,16.9,17.2,16.85,3599000.0,60901579.0
1153,2021-09-28,16.9,16.97,17.22,16.55,2880200.0,48616625.0
1154,2021-09-29,16.6,16.46,16.94,16.43,3194621.0,53142693.6
1155,2021-09-30,16.46,16.74,16.79,16.46,1679245.0,27969918.9
1156,2021-10-08,16.76,16.86,17.06,16.75,2657149.0,44938307.47
1157,2021-10-11,16.86,16.91,17.05,16.71,1641765.0,27737008.99
1158,2021-10-12,17.0,16.53,17.04,16.47,2527332.0,42070566.68
1159,2021-10-13,16.51,16.62,16.66,16.42,2202728.0,36431289.08
1160,2021-10-14,16.62,16.53,16.72,16.45,1851800.0,30596523.0
1161,2021-10-15,16.57,16.45,16.61,16.44,1893000.0,31207248.0
1162,2021-10-18,16.46,16.47,16.6,16.38,1646500.0,27125759.0
1163,2021-10-19,16.48,16.51,16.57,16.42,1783000.0,29421649.0
1164,2021-10-20,16.48,16.05,16.5,16.01,4174393.0,67289705.0
1165,2021-10-21,16.05,15.51,16.14,15.42,4197000.0,66086917.0
1166,2021-10-22,15.51,15.29,15.51,15.27,2811299.0,43192106.67
1167,2021-10-25,15.4,15.42,15.49,15.24,1930700.0,29685574.0
1168,2021-10-26,15.51,15.32,15.51,15.32,1801300.0,27716618.0
1169,2021-10-27,15.4,14.79,15.4,14.58,3482298.0,51699781.78
1170,2021-10-28,14.49,14.36,14.76,14.33,2911009.0,42154865.78
1171,2021-10-29,14.44,14.59,14.62,14.3,2078698.0,30073888.94
1172,2021-11-01,14.55,14.88,15.05,14.4,2400812.0,35524010.31
1173,2021-11-02,14.89,14.47,15.02,14.41,2222218.0,32586076.16
1174,2021-11-03,14.38,14.53,14.62,14.33,1459100.0,21136437.0
1175,2021-11-04,14.55,14.86,15.15,14.39,4075997.0,60302239.36
1176,2021-11-05,14.79,14.62,14.79,14.59,2388600.0,35027357.0
1177,2021-11-08,14.62,14.97,15.2,14.48,4084201.0,60878207.76
1178,2021-11-09,14.85,14.97,15.05,14.78,2552364.0,38041472.44
1179,2021-11-10,14.92,15.04,15.12,14.85,2632021.0,39510311.21
1180,2021-11-11,15.03,15.15,15.47,15.0,3053421.0,46437437.77
1181,2021-11-12,15.17,15.04,15.18,14.85,3023600.0,45298974.0
1182,2021-11-15,14.99,15.08,15.12,14.87,2219800.0,33274706.0
1183,2021-11-16,15.08,15.11,15.33,14.88,4830413.0,72769369.18
1184,2021-11-17,14.97,15.02,15.18,14.92,2947200.0,44252313.91
1185,2021-11-18,14.96,14.84,15.04,14.8,2974600.0,44213071.0
1186,2021-11-19,14.83,15.11,15.18,14.79,3117600.0,46785682.0
1187,2021-11-22,15.13,14.99,15.13,14.92,2158400.0,32416624.0
1188,2021-11-23,14.91,15.4,15.47,14.88,5765500.0,87787849.0
1189,2021-11-24,15.88,15.2,15.95,15.19,6814900.0,105741636.0
1190,2021-11-25,15.32,14.99,15.32,14.98,3633200.0,54766367.0
1191,2021-11-26,14.92,14.88,15.02,14.86,2440100.0,36440847.0
1192,2021-11-29,14.59,14.48,14.64,14.36,2865000.0,41551303.0
1193,2021-11-30,14.5,14.48,14.69,14.43,2395900.0,34794690.0
1194,2021-12-01,14.47,14.54,14.6,14.4,2341100.0,33944798.0
1195,2021-12-02,14.63,14.55,14.79,14.52,2904300.0,42574864.0
1196,2021-12-03,14.49,14.47,14.56,14.4,2731600.0,39520748.0
1197,2021-12-06,14.48,14.52,14.6,14.38,3004500.0,43543939.0
1198,2021-12-07,14.53,14.94,15.14,14.37,6969500.0,102633876.92
1199,2021-12-08,14.84,14.65,14.94,14.61,4524000.0,66516314.0
1200,2021-12-09,14.69,15.91,16.12,14.63,21244410.0,335920355.67
1201,2021-12-10,15.36,15.26,15.53,15.14,15745113.0,241115912.68
1202,2021-12-13,15.3,15.22,15.41,15.13,5216900.0,79297855.0
1203,2021-12-14,15.2,15.11,15.22,15.01,3685100.0,55563946.0
1204,2021-12-15,15.15,15.25,15.48,15.05,7530900.0,114742200.0
1205,2021-12-16,15.27,15.2,15.3,15.1,3922900.0,59609851.0
1206,2021-12-17,15.17,15.22,15.35,15.02,5158400.0,78377623.0
1207,2021-12-20,15.08,14.97,15.19,14.8,4954001.0,73903091.08
1208,2021-12-21,14.99,15.18,15.61,14.89,6404200.0,97851325.0
1209,2021-12-22,15.26,15.16,15.26,15.03,3258700.0,49357767.0
1210,2021-12-23,15.15,14.87,15.22,14.83,4126797.0,61805868.36
1211,2021-12-24,14.87,14.55,14.95,14.46,4109500.0,60082831.0
1212,2021-12-27,14.45,14.49,14.6,14.41,2027400.0,29436508.0
1213,2021-12-28,14.5,14.64,14.7,14.5,1954900.0,28526918.0
1214,2021-12-29,14.64,14.46,14.75,14.44,3133000.0,45606543.0
1215,2021-12-30,14.45,14.4,14.59,14.33,2974600.0,42990590.0
1216,2021-12-31,14.44,14.54,14.55,14.35,3129500.0,45241991.0
1217,2022-01-04,14.54,14.73,14.78,14.48,3841100.0,56340638.0
1218,2022-01-05,14.69,14.65,14.75,14.58,2698500.0,39550105.0
1219,2022-01-06,14.6,14.68,14.72,14.5,1933100.0,28315506.0
1220,2022-01-07,14.69,14.45,14.89,14.44,4195300.0,61600310.0
1221,2022-01-10,14.45,13.93,14.49,13.57,5820800.0,81129479.0
1222,2022-01-11,13.88,13.97,14.33,13.88,3275500.0,46068988.0
1223,2022-01-12,13.97,14.14,14.14,13.88,2483501.0,34793006.0
1224,2022-01-13,14.09,13.95,14.24,13.93,2202200.0,31015795.0
1225,2022-01-14,13.9,13.72,13.91,13.68,2859400.0,39432076.0
1226,2022-01-17,13.71,13.87,13.93,13.69,2188600.0,30340070.0
1227,2022-01-18,13.93,13.73,13.94,13.67,2514400.0,34594371.0
1228,2022-01-19,13.73,13.59,13.79,13.46,1978600.0,26952939.0
1229,2022-01-20,13.58,13.21,13.59,13.21,2661100.0,35496965.0
1230,2022-01-21,13.33,12.88,13.33,12.87,3046300.0,39560415.0
1231,2022-01-24,12.65,12.71,12.88,12.63,2038300.0,25966898.0
1232,2022-01-25,12.69,12.14,12.75,12.08,4510304.0,55372681.0
1233,2022-01-26,12.28,12.31,12.38,12.14,2208000.0,27098914.0
1234,2022-01-27,12.4,11.77,12.4,11.77,2864300.0,34221722.0
1235,2022-01-28,11.81,12.29,12.49,11.81,4429100.0,54213174.0
1236,2022-02-07,12.4,12.64,12.75,12.4,2378700.0,30082029.0
1237,2022-02-08,12.51,12.76,12.85,12.51,1800400.0,22919126.0
1238,2022-02-09,12.78,12.88,12.9,12.73,1572400.0,20181054.0
1239,2022-02-10,12.85,12.8,12.92,12.66,2316045.0,29568470.0
1240,2022-02-11,12.81,12.69,12.86,12.55,1877900.0,23752953.0
1241,2022-02-14,12.64,13.28,13.96,12.6,8260046.0,109440677.0
1242,2022-02-15,13.01,13.06,13.45,12.91,5565001.0,72702827.0
1243,2022-02-16,13.02,13.0,13.15,12.92,2980300.0,38868289.0
1244,2022-02-17,12.8,13.15,13.25,12.66,5543201.0,71865576.0
1245,2022-02-18,12.99,13.0,13.0,12.82,2656600.0,34289566.0
1246,2022-02-21,13.02,13.16,13.2,12.86,2852000.0,37203173.0
1247,2022-02-22,13.01,13.16,13.25,13.01,2707701.0,35602559.0
1248,2022-02-23,13.16,13.14,13.2,13.03,2164077.0,28369422.0
1249,2022-02-24,13.01,12.79,13.14,12.0,4637500.0,59049255.0
1250,2022-02-25,12.87,12.88,13.05,12.77,2574801.0,33258087.0
1251,2022-02-28,12.91,12.88,13.03,12.68,2253528.0,28872555.0
1252,2022-03-01,13.03,13.07,13.23,12.85,4282500.0,55918245.0
1253,2022-03-02,13.17,13.09,13.17,12.97,1865100.0,24316917.0
1254,2022-03-03,13.18,13.14,13.32,13.09,3374100.0,44578937.0
1255,2022-03-04,13.13,12.96,13.24,12.95,2536900.0,33178470.0
1256,2022-03-07,12.94,12.65,12.98,12.57,3268600.0,41634493.0
1257,2022-03-08,12.62,12.01,12.67,11.86,3811700.0,46290785.0
1258,2022-03-09,11.96,11.55,12.19,11.2,3504100.0,41087042.0
1259,2022-03-10,11.7,11.47,11.95,11.44,3307845.0,38571381.0
1260,2022-03-11,11.39,11.58,11.61,11.07,3023700.0,34128871.0
1261,2022-03-14,11.42,11.19,11.56,11.18,2112100.0,24015286.0
1262,2022-03-15,11.1,10.4,11.12,10.4,3661600.0,39451641.0
1263,2022-03-16,10.58,10.85,10.94,10.26,4666700.0,49702360.0
1264,2022-03-17,11.01,11.0,11.17,10.93,3097500.0,34286493.0
1265,2022-03-18,10.95,11.14,11.36,10.9,2812100.0,31435175.0
1266,2022-03-21,11.22,11.14,11.22,10.96,2385200.0,26464953.0
1267,2022-03-22,11.1,11.05,11.14,10.96,1988600.0,21970915.0
1268,2022-03-23,11.04,11.09,11.12,11.0,1427100.0,15786115.0
1269,2022-03-24,10.97,10.88,11.17,10.85,2325300.0,25597463.0
1270,2022-03-25,10.94,10.99,11.18,10.87,2894700.0,31875969.0
1271,2022-03-28,10.88,10.87,10.98,10.62,2453200.0,26477244.0
1272,2022-03-29,10.96,10.6,11.23,10.57,3866295.0,42065896.0
1273,2022-03-30,10.52,10.74,10.76,10.51,2483500.0,26437163.0
1274,2022-03-31,10.73,11.28,11.68,10.64,9042901.0,102246400.0
1275,2022-04-01,11.05,12.41,12.41,10.96,8297100.0,98403718.0
1276,2022-04-06,12.41,13.3,13.65,12.4,24516523.0,324316527.0
1277,2022-04-07,12.92,12.28,12.98,12.2,16106894.0,202840443.0
1278,2022-04-08,12.36,13.0,13.22,12.36,17015000.0,218344250.0
1279,2022-04-11,12.8,13.83,14.3,12.6,22109599.0,298373800.0
1280,2022-04-12,13.3,15.21,15.21,13.05,29026328.0,415949557.0
1281,2022-04-13,15.21,13.69,16.2,13.69,33912494.0,508681565.0
1282,2022-04-14,12.77,13.11,13.91,12.68,20318189.0,266468023.0
1283,2022-04-15,12.81,12.36,13.11,12.26,13929628.0,175431780.0
1284,2022-04-18,12.21,12.56,13.02,12.2,9406200.0,119347550.0
1285,2022-04-19,12.57,12.59,12.95,12.3,6697500.0,84281027.0
1286,2022-04-20,12.53,13.07,13.5,12.44,12098128.0,158783644.0
1287,2022-04-21,13.09,12.78,13.59,12.69,13138700.0,173241940.0
1288,2022-04-22,12.55,11.92,13.08,11.88,10773400.0,132794966.0
1289,2022-04-25,11.69,10.86,11.7,10.79,9606700.0,108271208.0
1290,2022-04-26,11.06,10.18,11.18,10.1,8258900.0,87901108.0
1291,2022-04-27,9.93,10.13,10.19,9.55,8156000.0,80396907.0
1292,2022-04-28,10.2,9.97,10.7,9.85,6530100.0,66751596.0
1293,2022-04-29,10.05,10.32,10.44,9.97,5590000.0,57320283.0
1294,2022-05-05,10.32,10.28,10.4,10.07,4896700.0,50273261.0
1295,2022-05-06,9.93,10.07,10.21,9.88,3570001.0,35937870.0
1296,2022-05-09,9.99,10.11,10.33,9.99,3173100.0,32213493.0
1297,2022-05-10,10.07,10.26,10.41,9.84,5220200.0,53200237.0
1298,2022-05-11,10.22,10.38,10.58,10.11,6569098.0,68395015.0
1299,2022-05-12,10.19,11.42,11.42,10.19,9304197.0,101629139.0
1300,2022-05-13,12.09,12.02,12.39,11.43,17666998.0,210358514.0
1301,2022-05-16,12.02,12.02,12.02,12.02,0.0,0.0
1302,2022-05-17,12.02,12.02,12.02,12.02,0.0,0.0
1303,2022-05-18,12.02,12.02,12.02,12.02,0.0,0.0
1304,2022-05-19,12.02,12.02,12.02,12.02,0.0,0.0
1305,2022-05-20,12.02,12.02,12.02,12.02,0.0,0.0
1306,2022-05-23,12.02,12.02,12.02,12.02,0.0,0.0
1307,2022-05-24,12.02,12.02,12.02,12.02,0.0,0.0
1308,2022-05-25,12.02,12.02,12.02,12.02,0.0,0.0
1309,2022-05-26,12.02,12.02,12.02,12.02,0.0,0.0
1310,2022-05-27,12.02,12.02,12.02,12.02,0.0,0.0
